0,1,2,3,target
0.19731168,0.42457193,0.03896293,0.39436573,0
0.17597067,0.43107763,0.02171864,0.44527712,0
0.22764888,0.4706394,0.05209868,0.4450291,0
0.21797939,0.4255446,0.0226749,0.40829054,0
0.1983584,0.41524634,0.03948148,0.43470076,0
0.3512926,0.5010153,0.02757505,0.45664442,0
0.10309353,0.37146375,0.03340171,0.37815675,0
0.1503349,0.43121198,0.03510731,0.41610143,0
0.1008919,0.38940194,0.02115852,0.38430393,0
0.09051552,0.40872243,0.00875482,0.4216899,0
0.19568919,0.35557696,0.00789501,0.43275657,0
0.18284027,0.43040773,0.04569986,0.44888234,0
0.15019587,0.38652796,0.019552,0.40315133,0
0.14493251,0.41744235,0.06058007,0.42823368,0
0.16409183,0.42108136,0.02209377,0.4124645,0
0.17757206,0.42309293,0.0177467,0.4146526,0
0.11958193,0.39963305,0.01508483,0.41551852,0
0.07512856,0.37531474,0.04734454,0.40316424,0
0.16650201,0.42647898,0.02563079,0.4232782,0
0.18468828,0.42355162,0.01342933,0.38453612,0
0.1497303,0.4201743,0.02321326,0.4114359,0
0.1962302,0.4344976,0.03321123,0.42718214,0
0.17525733,0.39491838,0.0425805,0.4035466,0
0.16776901,0.44692537,0.02953257,0.4342333,0
0.16612425,0.41226506,0.05387605,0.38827214,0
0.18727733,0.4395346,0.05197251,0.43624696,0
0.14957298,0.41656113,0.04445218,0.3743106,0
0.15870695,0.40793037,0.04928795,0.43751574,0
0.12553933,0.4108951,0.02014383,0.4018692,0
0.20065545,0.4337048,0.01847724,0.42271763,0
0.19054393,0.43479612,0.04944839,0.4259017,0
0.20540465,0.43044135,0.01642311,0.43571258,0
0.16282675,0.39417285,0.0084474,0.43437192,0
0.17682664,0.40815362,0.02152616,0.44515163,0
0.23417377,0.4542091,0.0609238,0.46334338,0
0.1337579,0.42253426,0.03579748,0.40339386,0
0.17731112,0.4164445,0.04813097,0.39868343,0
0.12156384,0.39411354,0.02790366,0.41243592,0
0.19889332,0.39926824,0.04710524,0.42300177,0
0.28022066,0.4327316,0.02076899,0.4297963,0
0.23970447,0.450691,0.03493119,0.44667193,0
0.17946365,0.4123757,0.01535545,0.42195,0
0.1810054,0.43728858,0.04709923,0.43311632,0
0.19934031,0.44451427,0.03319909,0.4147174,0
0.16693017,0.42465222,0.03922972,0.41360554,0
0.16264728,0.41480082,0.05527818,0.3961254,0
0.2346797,0.37514234,0.03274711,0.4091701,0
0.10944437,0.40841076,0.0527015,0.40138003,0
0.21574932,0.45001647,0.0135195,0.43937692,0
0.14849679,0.47675738,0.1028565,0.37344518,0
0.29406217,0.4542422,0.06524074,0.45542318,0
0.16754518,0.40001604,0.03496963,0.43287006,0
0.07013138,0.3865305,0.09380981,0.34589067,0
0.09447936,0.36964592,0.04476612,0.37694687,0
0.19632,0.39798737,0.02363376,0.4064262,0
0.22484033,0.3972094,0.01024855,0.43097815,0
0.15561178,0.44150528,0.02304885,0.39040515,0
0.22274946,0.40719417,0.02800334,0.40804356,0
0.14114724,0.38671428,0.02393257,0.3857257,0
0.19281083,0.37185717,0.04097781,0.4581386,0
0.24109705,0.45004278,0.01651572,0.41867575,0
0.2845075,0.42642713,0.04377571,0.45187977,0
0.0541204,0.39589536,0.02159287,0.35865682,0
0.09290487,0.36843958,0.0095368,0.40881816,0
0.2833023,0.46597704,0.00700571,0.41599268,0
0.15966617,0.4405426,0.02004653,0.39223954,0
0.276663,0.3931397,0.07030775,0.41677484,0
0.16621332,0.3997881,0.05134903,0.38114953,0
0.16676372,0.41541678,0.07300462,0.41075078,0
0.11477298,0.39824554,0.0621483,0.41275004,0
0.23004106,0.423136,0.08210007,0.41515896,0
0.21605338,0.41559836,0.00997626,0.43869478,0
0.2379958,0.4420204,0.01603624,0.4246042,0
0.1553893,0.40999523,0.03775115,0.41559282,0
0.23349233,0.40641952,0.06821862,0.42499205,0
0.24765936,0.429326,0.00981423,0.40091178,0
0.15762328,0.403861,0.05137479,0.42268237,0
0.20645453,0.41095865,0.01516591,0.456677,0
0.10127753,0.43399543,0.05978287,0.41094744,0
0.17333525,0.4156813,0.06916724,0.44473004,0
0.18891855,0.41339946,0.01617061,0.44041646,0
0.07177357,0.42236948,0.01843413,0.40069744,0
0.22754782,0.40860385,0.01490603,0.42330152,0
0.14383318,0.38575497,0.04027954,0.41455424,0
0.19841802,0.40206096,0.04858624,0.41673636,0
0.17985085,0.436781,0.017016,0.4244379,0
0.13753973,0.3869528,0.08207867,0.4112571,0
0.13922073,0.41347826,0.02791793,0.43005893,0
0.15532894,0.41150206,0.04286657,0.40924716,0
0.17113864,0.41463017,0.00930353,0.39326596,0
0.17166819,0.4072398,0.02065116,0.43604037,0
0.15766661,0.41902852,0.01644408,0.42637992,0
0.25979924,0.44676787,0.01068579,0.47019932,0
0.16442533,0.3966014,0.02519294,0.39244673,0
0.08602162,0.3910096,0.04125442,0.37416404,0
0.16208076,0.37914482,0.03126348,0.39100972,0
0.10016386,0.38181898,0.02301518,0.3944031,0
0.16255008,0.40124467,0.03364831,0.43133458,0
0.20464079,0.42093378,0.03701477,0.41218454,0
0.20616186,0.44197822,0.04049369,0.39596412,0
0.12191893,0.40510896,0.08163023,0.37696812,0
0.28251737,0.33911848,0.04135908,0.44544315,0
0.21994258,0.459529,0.00896833,0.41718155,0
0.09226497,0.42785335,0.02739609,0.4516735,0
0.15309957,0.41864517,0.01764316,0.42009243,0
0.1962673,0.41878211,0.03875738,0.42339638,0
0.42336124,0.48740312,0.01241477,0.45361605,0
0.3911512,0.45058596,0.03308128,0.42765105,0
0.2104219,0.4332602,0.05136227,0.44773585,0
0.17341857,0.40534106,0.01789176,0.41975328,0
0.14538778,0.40583643,0.03249616,0.4008387,0
0.13231735,0.4133435,0.01902029,0.39504406,0
0.21722284,0.43000892,0.02374853,0.46977425,0
0.17401336,0.39704886,0.00356929,0.42051494,0
0.10568474,0.4173182,0.04123369,0.46662486,0
0.22295535,0.40635693,0.02256916,0.41133457,0
0.18090583,0.4280095,0.0258836,0.42323634,0
0.13212146,0.40531337,0.03678592,0.392666,0
0.09112987,0.4075997,0.02153048,0.39545092,0
0.17701897,0.44109452,0.02207154,0.38052902,0
0.15204985,0.40149835,0.03703619,0.40032637,0
0.20235611,0.40803617,0.0489028,0.42844257,0
0.15667576,0.42387554,0.01772283,0.41032088,0
0.11319968,0.42021474,0.01992215,0.41089657,0
0.12624544,0.416664,0.02867813,0.41169336,0
0.11709962,0.4136313,0.02415925,0.3962838,0
0.23442563,0.4111652,0.05423857,0.4167046,0
0.21425334,0.3823041,0.03081406,0.4325403,0
0.24169894,0.47325766,0.00467147,0.43731102,0
0.10698331,0.3920043,0.00834553,0.3890926,0
0.06347007,0.42106962,0.01382524,0.44068205,0
0.16799799,0.37469846,0.02911653,0.38197646,0
0.12358011,0.41471234,0.04380919,0.39077297,0
0.16413622,0.4397596,0.02091224,0.4123894,0
0.2494094,0.44662645,0.03759056,0.43327364,0
0.19531864,0.4160004,0.12379242,0.34539664,0
0.19485499,0.3774642,0.00989086,0.41444057,0
0.15342139,0.39080903,0.02234664,0.43438575,0
0.17817347,0.3927827,0.02199743,0.40171987,0
0.1258424,0.36925787,0.02283597,0.38337043,0
0.11328588,0.38232923,0.04055301,0.38828012,0
0.2160917,0.41319096,0.01040384,0.41080412,0
0.199932,0.39502317,0.02868941,0.4231759,0
0.10761925,0.42387316,0.03762414,0.43711466,0
0.23722744,0.42784753,0.08512476,0.43805888,0
0.11722604,0.39491978,0.02887485,0.3902179,0
0.14784922,0.37157264,0.01180379,0.39919662,0
0.2702671,0.4255566,0.03959593,0.4378128,0
0.17184994,0.3977364,0.03813264,0.41917342,0
0.26826233,0.43012384,0.03102013,0.41672993,0
0.1864408,0.3931434,0.01432546,0.41153985,0
0.11206257,0.40664616,0.04395967,0.3986087,0
0.2084479,0.39209774,0.03451193,0.4174627,0
0.14657563,0.40362805,0.03853651,0.39877385,0
0.15529308,0.39194232,0.01401033,0.38312006,0
0.13960102,0.40589815,0.07309424,0.45450506,0
0.18160962,0.41589206,0.04995561,0.41497374,0
0.20385377,0.43659,0.00917887,0.4155248,0
0.32993248,0.44938228,0.00813569,0.43985206,0
0.22456378,0.43254504,0.02470918,0.4433257,0
0.16219252,0.45353445,0.02537559,0.42874476,0
0.16079222,0.4057063,0.0066698,0.41109172,0
0.12075238,0.40442145,0.04734165,0.4093994,0
0.15891877,0.41391948,0.04620085,0.40581518,0
0.12079053,0.4040017,0.10801594,0.3980995,0
0.11109927,0.38763505,0.04137772,0.40265703,0
0.19905972,0.42406163,0.04945283,0.4148755,0
0.10651472,0.4116881,0.0346328,0.40252584,0
0.18762515,0.41772673,0.05876174,0.39332223,0
0.1786262,0.4308064,0.03941353,0.41000617,0
0.19399102,0.38172734,0.01363013,0.39520118,0
0.09473683,0.4314725,0.01775404,0.43865344,0
0.25638056,0.47687182,0.03959007,0.46861738,0
0.10703474,0.3952487,0.04390872,0.36929256,0
0.15897839,0.40589336,0.02322325,0.42871487,0
0.2705039,0.42537203,0.02301341,0.43258873,0
0.11909139,0.37641257,0.01106447,0.39782986,0
0.16588314,0.39549872,0.02230607,0.42360485,0
0.15000668,0.43191314,0.02659702,0.42887,0
0.08645174,0.3909553,0.03063495,0.38542992,0
0.24314068,0.42988467,0.00993187,0.4512843,0
0.23622026,0.45575914,0.03279697,0.47008365,0
0.20768091,0.4443541,0.02757556,0.42220867,0
0.07905245,0.41083467,0.02727451,0.41066748,0
0.2198913,0.4364912,0.0312094,0.40117666,0
0.17562903,0.38917923,0.02984181,0.39220557,0
0.20957437,0.42763066,0.00397911,0.4345144,0
0.16210079,0.40368783,0.04166257,0.40837574,0
0.06711845,0.40323123,0.02970286,0.3980104,0
0.32777035,0.49184868,0.15783025,0.38762146,0
0.13837843,0.4397206,0.04954544,0.42360905,0
0.21922402,0.40799743,0.00523446,0.43206018,0
0.11274811,0.39468297,0.01969321,0.390805,0
0.22371805,0.41863778,0.0245964,0.43342662,0
0.2015208,0.41841102,0.03366904,0.44370908,0
0.20022173,0.41638178,0.0103917,0.42086545,0
0.1771487,0.40415496,0.05329898,0.4359153,0
0.19709203,0.41979647,0.03912703,0.41936556,0
0.19376455,0.43288144,0.0177953,0.4502781,0
0.15025114,0.38739678,0.00963333,0.4231342,0
0.66597927,0.31429535,0.14309579,0.06324045,1
0.6634198,0.30089742,0.31592035,0.29163644,1
0.76346034,0.15153556,0.16810212,0.03981438,1
0.31066498,0.16923413,0.25582653,0.1451052,1
0.08960595,0.11363262,0.13326406,0.17333026,1
0.7213621,0.2869045,0.15780602,0.26035586,1
0.48638067,0.29715747,0.41811773,0.34574458,1
0.62417126,0.29706934,0.1273761,0.10990407,1
0.6078695,0.32849652,0.17272519,0.39825165,1
0.7296054,0.08468072,0.17779554,0.32146135,1
0.45050517,0.21976086,0.30596954,0.07287453,1
0.35046354,0.24184287,0.40873516,0.2063266,1
0.58779657,0.34748152,0.1154746,0.48565063,1
0.6882015,0.30871645,0.10331024,0.03183885,1
0.47368976,0.30848446,0.4397601,0.42114317,1
0.58577085,0.18404913,0.29548204,0.37488157,1
0.6810557,0.03116298,0.27021417,0.2504694,1
0.51034147,0.22269823,0.251518,0.11621408,1
0.20175003,0.13660413,0.20722748,0.15152726,1
0.71774024,0.35251787,0.17051183,0.11187332,1
0.70178497,0.3391036,0.2902123,0.18699183,1
0.7143853,0.37050086,0.19024704,0.16345604,1
0.5212892,0.40262705,0.40982935,0.2471263,1
0.59052235,0.33201608,0.28860152,0.04214666,1
0.71201056,0.24850446,0.24656501,0.25730938,1
0.64547765,0.38868973,0.3416634,0.36481518,1
0.62476027,0.22328031,0.29600883,0.1412639,1
0.6790928,0.16386203,0.065349,0.05171056,1
0.37047392,0.15870427,0.23430912,0.14723049,1
0.44619957,0.2795916,0.31228584,0.08021062,1
0.6675682,0.31771237,0.37372127,0.34368652,1
0.65732455,0.19626693,0.03910746,0.40687546,1
0.43655407,0.12724546,0.08621299,0.1651159,1
0.49175423,0.27323925,0.26877776,0.01143346,1
0.4007285,0.11095084,0.06584966,0.14245999,1
0.19348323,0.16272214,0.03039312,0.10381609,1
0.44695336,0.36980557,0.42010805,0.14988248,1
0.43190077,0.30650765,0.40670532,0.15022223,1
0.5693897,0.24126272,0.2977188,0.2525621,1
0.6054663,0.063426,0.17795725,0.05869782,1
0.3219129,0.21219946,0.2513371,0.05916234,1
0.7655394,0.02950589,0.14011844,0.20291449,1
0.548875,0.2834749,0.40904322,0.15196802,1
0.6566701,0.13394476,0.22922193,0.51861954,1
0.39585492,0.26982,0.36923626,0.12344654,1
0.50619876,0.2763504,0.2198854,0.21044913,1
0.44057083,0.18980965,0.42057317,0.24735396,1
0.450516,0.28971285,0.43945125,0.40183,1
0.7712813,0.08787056,0.17161775,0.12068741,1
0.51811296,0.18745758,0.20965724,0.17404172,1
0.65483797,0.40122917,0.31376705,0.41774485,1
0.7108562,0.18567936,0.17776984,0.23317704,1
0.58931875,0.22100411,0.34160942,0.48930562,1
0.7142645,0.37970343,0.1707959,0.11675198,1
0.5782987,0.4005828,0.34035587,0.26798356,1
0.38373867,0.20326793,0.16886462,0.05729767,1
0.26076514,0.13723157,0.23182851,0.04486823,1
0.27833638,0.15381794,0.09401338,0.22010083,1
0.5785119,0.27092418,0.23397951,0.08283862,1
0.7564522,0.18526192,0.16707782,0.12725642,1
0.6321557,0.41567165,0.29702616,0.3625801,1
0.51368177,0.3806209,0.43978673,0.40512818,1
0.6222044,0.49847785,0.11247325,0.08922481,1
0.10636098,0.23083185,0.14762267,0.19758685,1
0.12935191,0.12868771,0.14187986,0.14749087,1
0.5719843,0.45141438,0.33758596,0.1053701,1
0.6719169,0.31727806,0.27913052,0.08884507,1
0.62170833,0.36918294,0.2812994,0.17351459,1
0.30214688,0.21046284,0.23435864,0.18744329,1
0.5067474,0.38140038,0.3745315,0.43905488,1
0.5006398,0.03805447,0.01570223,0.21705145,1
0.72620726,0.28624076,0.14188494,0.16039135,1
0.5612424,0.42345947,0.28912437,0.359557,1
0.5357184,0.41922206,0.14004157,0.22446483,1
0.2506912,0.12415834,0.30942217,0.05021118,1
0.624685,0.30713978,0.3035668,0.25782573,1
0.6907358,0.34348214,0.32761684,0.33072674,1
0.7031232,0.0683981,0.0616335,0.26998398,1
0.46496585,0.2070509,0.25041172,0.13508715,1
0.560507,0.3754824,0.332473,0.10305612,1
0.21399225,0.14672449,0.09775768,0.23152934,1
0.48423475,0.25098082,0.4358497,0.40546522,1
0.44905433,0.1549089,0.4164313,0.4526651,1
0.47114608,0.2843491,0.4542555,0.40534282,1
0.37479198,0.05951177,0.24856448,0.1581456,1
0.59767187,0.14419971,0.18875562,0.23927383,1
0.47589302,0.28713477,0.28176314,0.05672079,1
0.67402846,0.39607966,0.21440095,0.13683847,1
0.6009223,0.31880718,0.37102193,0.27191177,1
0.18530801,0.15049887,0.17007269,0.1689026,1
0.5755829,0.18551134,0.34143752,0.36358142,1
0.27442825,0.2283094,0.28501293,0.02933628,1
0.5310681,0.34048858,0.4538612,0.41521007,1
0.51010233,0.24388881,0.17348237,0.37192202,1
0.4357496,0.25545096,0.28122747,0.05553372,1
0.38633645,0.07207403,0.05195029,0.13350633,1
0.54255986,0.35670194,0.27852294,0.0983068,1
0.68245703,0.10897821,0.14382236,0.2833702,1
0.7326999,0.02922288,0.17096943,0.29237133,1
0.5230847,0.43271533,0.45206732,0.40864038,1
0.43193814,0.32745972,0.31401208,0.12781616,1
0.59153986,0.44556487,0.13665675,0.09866577,1
0.25153917,0.33630788,0.28302732,0.23897013,1
0.56400305,0.3829453,0.2904272,0.06157197,1
0.18326597,0.1957652,0.18843561,0.17969877,1
0.48265237,0.23119976,0.42160496,0.27633154,1
0.5877384,0.37563595,0.34158078,0.13364074,1
0.65087235,0.37945864,0.29577824,0.31399116,1
0.6244744,0.33797067,0.39939126,0.3306534,1
0.4348998,0.07717832,0.19338605,0.19239613,1
0.15276591,0.13589594,0.07487082,0.19218373,1
0.30793166,0.10237646,0.18688056,0.13022636,1
0.7119145,0.16632421,0.22225235,0.29436395,1
0.20193788,0.16266152,0.13289696,0.14681016,1
0.3826077,0.02601177,0.03481682,0.20711905,1
0.65863144,0.3246409,0.366542,0.3801,1
0.39905962,0.1990467,0.3472687,0.12166982,1
0.6314049,0.09157392,0.24966064,0.16097496,1
0.54680395,0.25518346,0.4361759,0.3379611,1
0.73116374,0.31226525,0.17188308,0.15217882,1
0.56612647,0.24070057,0.18542337,0.18352327,1
0.72043294,0.25188962,0.21102609,0.24544524,1
0.34247437,0.26045436,0.39933264,0.10888956,1
0.6364885,0.443319,0.161936,0.01299977,1
0.5351327,0.4381522,0.22181863,0.09976231,1
0.54797804,0.22250247,0.36125907,0.45109725,1
0.39396644,0.1939307,0.23781566,0.15990373,1
0.58443826,0.31068447,0.3957748,0.11850664,1
0.52643543,0.2880282,0.4263509,0.43220568,1
0.5682972,0.4331762,0.05655751,0.15532386,1
0.65769315,0.37739083,0.3599588,0.40495536,1
0.6611083,0.3152256,0.2922323,0.28217742,1
0.6996396,0.28317136,0.20513278,0.35633183,1
0.58780986,0.2748355,0.3589681,0.4495556,1
0.74445784,0.28738102,0.16625436,0.09267199,1
0.66898763,0.34939736,0.3061134,0.32465902,1
0.51681775,0.30301243,0.36548454,0.33395323,1
0.5194287,0.38954398,0.37623063,0.4344591,1
0.5447073,0.27534458,0.3774421,0.47051057,1
0.33735788,0.22314358,0.2719834,0.10730776,1
0.3908083,0.19294417,0.2638969,0.06362527,1
0.52391905,0.02730478,0.09886404,0.12176883,1
0.36927196,0.25163996,0.33851,0.08739023,1
0.35956874,0.14911364,0.19195384,0.11622871,1
0.74411297,0.23501547,0.15448204,0.09583379,1
0.75003797,0.22337928,0.14285566,0.07609856,1
0.35633343,0.0313551,0.05754391,0.12223014,1
0.72358555,0.29733807,0.19914845,0.20978077,1
0.5052412,0.29575178,0.36895496,0.47364515,1
0.5747014,0.38487908,0.29207233,0.14376529,1
0.6471779,0.07187922,0.07068803,0.31058663,1
0.49456805,0.2506317,0.3308609,0.10393284,1
0.5940685,0.42270315,0.4175589,0.42469504,1
0.39706162,0.2820229,0.32294637,0.1485293,1
0.5050961,0.41713163,0.38126433,0.2801966,1
0.50539315,0.31450906,0.4549262,0.36459953,1
0.563226,0.2474261,0.2531479,0.10539845,1
0.65968853,0.27169102,0.07467336,0.0997466,1
0.68391407,0.38030317,0.33094522,0.3612002,1
0.5364002,0.33624002,0.30219704,0.09922855,1
0.74499595,0.23837079,0.16661748,0.0793398,1
0.51582474,0.49793634,0.3772444,0.23326817,1
0.39794916,0.39668524,0.38869616,0.27209073,1
0.7441809,0.2531606,0.14993887,0.0416738,1
0.49544293,0.36821082,0.41122434,0.41030017,1
0.36660954,0.29006183,0.4079673,0.1771652,1
0.6993388,0.2001451,0.11738314,0.20677398,1
0.5748226,0.46214983,0.3821151,0.2415852,1
0.2029199,0.17605755,0.21872547,0.10450426,1
0.48804092,0.2834722,0.06105058,0.25158444,1
0.49306202,0.3693006,0.41709903,0.40970573,1
0.26152843,0.31886718,0.41444704,0.18535024,1
0.5040861,0.13673134,0.05360806,0.25845608,1
0.38725233,0.30646664,0.26923788,0.1214192,1
0.58429104,0.28446624,0.23258135,0.09475985,1
0.4015682,0.1650805,0.4435365,0.33017597,1
0.43797028,0.28002042,0.45157725,0.3077315,1
0.3193499,0.11425468,0.23798017,0.26390168,1
0.41377532,0.25295058,0.28207195,0.1956434,1
0.76410955,0.1784432,0.15351117,0.12078196,1
0.57895833,0.4364904,0.33141747,0.19367081,1
0.6077623,0.3783423,0.22010204,0.1348348,1
0.66133046,0.438258,0.07223227,0.32667878,1
0.72003835,0.1617217,0.18880557,0.22997926,1
0.6143425,0.24199598,0.36060813,0.24192224,1
0.6929429,0.39714715,0.15651806,0.0530059,1
0.38808292,0.25673336,0.24236012,0.08396051,1
0.632635,0.28600013,0.32454404,0.36677366,1
0.5719346,0.09207129,0.24082664,0.18014625,1
0.7164882,0.31633028,0.18392473,0.08688613,1
0.5085847,0.33183414,0.3916717,0.40198523,1
0.54320806,0.34197894,0.40453696,0.40521404,1
0.41111007,0.22700126,0.30258983,0.19505529,1
0.6043674,0.3280952,0.30609238,0.14251637,1
0.73187083,0.20003143,0.20898467,0.22335704,1
0.7230055,0.3223266,0.1578174,0.18237942,1
0.24384494,0.14689428,0.19402061,0.16582142,1
0.63028836,0.33716345,0.14164764,0.09490159,1
0.55821955,0.17542231,0.3699826,0.49058175,1
0.20710257,0.31188637,0.12953252,0.12022263,1
0.5145733,0.24698004,0.39961788,0.4951524,2
0.447894,0.07010483,0.3475546,0.4811818,2
0.47642788,0.10353309,0.3210438,0.5326726,2
0.56146353,0.12710911,0.3095909,0.5325156,2
0.5955271,0.09515369,0.20486239,0.54283273,2
0.6001602,0.11904912,0.19768007,0.4916461,2
0.63424057,0.11602931,0.14204185,0.41991028,2
0.6259866,0.14525694,0.1175578,0.3500247,2
0.54398936,0.297636,0.3897931,0.46063474,2
0.30923164,0.17296176,0.3052043,0.38534045,2
0.49324143,0.2135503,0.35819194,0.48030126,2
0.6780069,0.1523569,0.16073678,0.3249873,2
0.6544007,0.15294217,0.2113066,0.41137093,2
0.5725774,0.11388296,0.2863156,0.5196037,2
0.48596185,0.20576327,0.4063783,0.46952885,2
0.27464747,0.06535707,0.24284658,0.4389847,2
0.52301747,0.1240529,0.28741214,0.5005815,2
0.47143507,0.14716353,0.35048863,0.5023443,2
0.52343565,0.06772673,0.2943163,0.51626754,2
0.46920413,0.0948246,0.36196908,0.4264455,2
0.50538,0.14295709,0.25796783,0.51363266,2
0.36074838,0.05111084,0.32244173,0.48186278,2
0.47165233,0.08346002,0.24825902,0.620857,2
0.6678785,0.1090101,0.13686244,0.36455798,2
0.36604217,0.32242137,0.32399678,0.40037736,2
0.3768037,0.47617835,0.3467762,0.28540066,2
0.45925373,0.22991034,0.37388593,0.46822327,2
0.63859886,0.13945341,0.13996182,0.3920207,2
0.36964542,0.05765614,0.3738752,0.42008254,2
0.5462367,0.04888861,0.27497056,0.50822085,2
0.47031504,0.10698988,0.3326972,0.44084102,2
0.5682014,0.08703132,0.25172654,0.32281184,2
0.411468,0.13322237,0.3538348,0.40614152,2
0.45203003,0.14116842,0.37281787,0.57094496,2
0.43733865,0.08827924,0.2690022,0.56360126,2
0.5259051,0.09278837,0.3354286,0.38987616,2
0.42659035,0.12005886,0.33991638,0.46588024,2
0.55327463,0.14884405,0.205914,0.59328866,2
0.43366307,0.17940418,0.37809888,0.4419243,2
0.525073,0.03158115,0.29331866,0.46970314,2
0.5581158,0.14320488,0.3171785,0.46724454,2
0.44232053,0.114055,0.38228834,0.46712878,2
0.42384106,0.01313452,0.31703487,0.43529293,2
0.46245518,0.11442328,0.35689995,0.44947565,2
0.6939832,0.09580084,0.13547325,0.32271877,2
0.21983977,0.41443825,0.13666758,0.37852687,2
0.6347808,0.06163982,0.30291796,0.4565713,2
0.40606117,0.11643169,0.39122123,0.48705673,2
0.50944453,0.06308833,0.29669,0.5301574,2
0.48226595,0.1833811,0.35899544,0.4263217,2
0.56305516,0.14393847,0.34003946,0.43908292,2
0.5915431,0.17401467,0.13105068,0.48094517,2
0.36112958,0.16657217,0.36867702,0.43477437,2
0.5209718,0.09180201,0.28684855,0.5001313,2
0.5780333,0.12918533,0.32614866,0.5072046,2
0.3871814,0.2583111,0.1512116,0.43041256,2
0.5017749,0.25325787,0.36585295,0.3984934,2
0.60237145,0.08442828,0.20191343,0.52399427,2
0.3563474,0.04873066,0.32551873,0.48960674,2
0.43557566,0.34050167,0.40630525,0.32465404,2
0.43850014,0.14367253,0.39242247,0.47556043,2
0.5653749,0.03849976,0.21606441,0.5117416,2
0.49217638,0.12153593,0.35032693,0.52568716,2
0.5567933,0.12576278,0.3737739,0.4823676,2
0.5375203,0.17275359,0.34712762,0.53326905,2
0.61454004,0.2533685,0.3315872,0.4768413,2
0.6209515,0.1890217,0.20464776,0.5459813,2
0.65015596,0.24230185,0.32340187,0.270885,2
0.55137336,0.17330882,0.31234068,0.46500173,2
0.5705922,0.1325261,0.13805959,0.571261,2
0.36812162,0.32354197,0.3784613,0.3049813,2
0.49014652,0.15680955,0.3446522,0.37081555,2
0.4402749,0.212639,0.30627182,0.41706043,2
0.3975275,0.14332916,0.2454108,0.568715,2
0.5018874,0.2360793,0.10132327,0.41037,2
0.6323329,0.12504335,0.26503056,0.4889919,2
0.4173735,0.26017737,0.2588308,0.40744072,2
0.43436265,0.01191861,0.33201426,0.41289976,2
0.4614904,0.04607995,0.2913902,0.45824474,2
0.58433276,0.10463262,0.28672385,0.4878038,2
0.37698588,0.13056944,0.35284805,0.40285936,2
0.41474622,0.14426903,0.3529357,0.45595795,2
0.6187686,0.15228768,0.14920017,0.454763,2
0.66831875,0.14687894,0.14985187,0.32514426,2
0.65503204,0.14140151,0.16541508,0.399775,2
0.47481483,0.13933393,0.3638809,0.47151592,2
0.6062985,0.08643504,0.18596804,0.53575426,2
0.672358,0.12339884,0.19739725,0.38204387,2
0.41867554,0.03661115,0.33336365,0.46734726,2
0.4877009,0.2018973,0.11676365,0.53258336,2
0.4469813,0.07270048,0.3378376,0.49556592,2
0.48624742,0.17235444,0.36266336,0.45893303,2
0.58803695,0.12302507,0.1786002,0.5296913,2
0.42315146,0.16883583,0.3716501,0.44268653,2
0.43469515,0.07297829,0.30518827,0.45924926,2
0.6142369,0.17499451,0.19212797,0.44372118,2
0.56551445,0.04110715,0.2923581,0.5578342,2
0.5801303,0.12568364,0.20337185,0.56501883,2
0.61682737,0.29614115,0.38218135,0.3650312,2
0.48218015,0.21804415,0.3863741,0.4554487,2
0.39522603,0.16599268,0.38391617,0.39174658,2
0.46190324,0.08381948,0.33486447,0.42382273,2
0.53882116,0.20730187,0.3620004,0.47110698,2
0.54660964,0.14792626,0.3474524,0.5182331,2
0.49301055,0.09953381,0.28195927,0.5435973,2
0.36604038,0.09219997,0.3750089,0.39397296,2
0.62031317,0.11431291,0.1521432,0.3922378,2
0.5299479,0.13824992,0.2414704,0.37686524,2
0.6537051,0.19849673,0.24942233,0.43252814,2
0.53698087,0.06222264,0.33339158,0.37353653,2
0.41659448,0.07247652,0.338217,0.430516,2
0.550227,0.04896998,0.27590922,0.4601358,2
0.55550474,0.23498333,0.35519293,0.53524274,2
0.5666018,0.02375101,0.20409544,0.4601884,2
0.38614762,0.10106295,0.3364334,0.49385786,2
0.57283354,0.11737758,0.31427565,0.44210532,2
0.6286631,0.12405558,0.21355411,0.47772554,2
0.5155207,0.08303527,0.2936174,0.4914174,2
0.68684673,0.15328845,0.09478417,0.25096333,2
0.55727273,0.17735887,0.19695336,0.3134884,2
0.6207253,0.14005132,0.12330948,0.42286786,2
0.4305295,0.09085475,0.3098567,0.42106342,2
0.57581526,0.07442816,0.28340974,0.16988298,2
0.4862593,0.2971932,0.39725718,0.4441691,2
0.4660392,0.08473619,0.35626158,0.44042575,2
0.548872,0.32113835,0.40924808,0.38096532,2
0.4906625,0.180846,0.3162987,0.32266983,2
0.42064545,0.09479916,0.33185518,0.44528645,2
0.38360846,0.145496,0.35992506,0.47262162,2
0.49627683,0.09895469,0.28412294,0.5102717,2
0.49911055,0.20179681,0.22925575,0.41225585,2
0.630974,0.1500037,0.11839704,0.42151487,2
0.60591376,0.10889641,0.22554693,0.5083443,2
0.5831584,0.13726553,0.1838957,0.5590743,2
0.42384222,0.09542014,0.32344955,0.51826644,2
0.48694712,0.21900775,0.3875821,0.43708074,2
0.5118108,0.06605854,0.30004197,0.50649136,2
0.5028799,0.02997873,0.29308787,0.5561592,2
0.6831063,0.12376552,0.11967494,0.33738434,2
0.5146345,0.35509947,0.39482287,0.4288072,2
0.38763416,0.23251288,0.2974005,0.43383956,2
0.5391402,0.15495922,0.2105337,0.491833,2
0.40796563,0.2823999,0.40878916,0.4664284,2
0.48925754,0.16779777,0.36073002,0.42741317,2
0.36303073,0.17254369,0.3450207,0.4158858,2
0.4746347,0.04832359,0.35946032,0.48006982,2
0.59445333,0.1706176,0.28702503,0.47490156,2
0.44797015,0.03676436,0.35194516,0.43308288,2
0.37864816,0.22156782,0.33091834,0.40057603,2
0.5432107,0.18372905,0.3420458,0.44874996,2
0.33116472,0.19236237,0.36687177,0.49093744,2
0.57056546,0.15453866,0.16521773,0.3975823,2
0.46223104,0.07124176,0.31757054,0.43413344,2
0.65597016,0.09190955,0.17052819,0.34300056,2
0.44474453,0.13073733,0.3337952,0.49162102,2
0.4548928,0.343018,0.40984064,0.30444327,2
0.516714,0.07396565,0.30966288,0.5202236,2
0.58320135,0.14473648,0.28540608,0.5278833,2
0.48022184,0.22793454,0.3168306,0.3754311,2
0.64241225,0.04216808,0.14153588,0.46147093,2
0.5382385,0.08047417,0.24976559,0.41204387,2
0.5108131,0.17957361,0.11185107,0.34664232,2
0.552139,0.14334027,0.32840046,0.5072773,2
0.52461064,0.10699994,0.28581414,0.5666302,2
0.501854,0.1365087,0.23567699,0.59514624,2
0.633226,0.07904156,0.18301672,0.42059615,2
0.526807,0.11462816,0.26678312,0.50135213,2
0.6174167,0.07139256,0.19868216,0.47721067,2
0.5536252,0.19797587,0.14237146,0.37159967,2
0.64927554,0.1245612,0.17922726,0.35874143,2
0.43096283,0.19398808,0.32323164,0.46553066,2
0.4579941,0.15893392,0.23437546,0.5324817,2
0.41153818,0.22306481,0.34170637,0.4117658,2
0.5358404,0.2957922,0.41125095,0.43761694,2
0.4984658,0.20375243,0.15715156,0.38401213,2
0.5167709,0.10338571,0.31312725,0.51821625,2
0.5058515,0.0950403,0.31732196,0.46115103,2
0.42388603,0.0536789,0.3614178,0.4728685,2
0.42239416,0.37078568,0.3974164,0.3824225,2
0.51134723,0.12601234,0.23464596,0.5941852,2
0.50174683,0.12937751,0.2674221,0.5402312,2
0.5453695,0.03083515,0.30284876,0.46817592,2
0.5409101,0.12795313,0.22599444,0.5426095,2
0.6149379,0.10298305,0.19582225,0.45792386,2
0.6804501,0.15454979,0.10809948,0.3581464,2
0.52213705,0.09821047,0.2780221,0.5157777,2
0.48474032,0.16382392,0.1739574,0.5598968,2
0.4615601,0.12939958,0.34578136,0.43371192,2
0.5141253,0.14282514,0.25711617,0.41792318,2
0.6265333,0.11164177,0.12041815,0.38569677,2
0.6466137,0.08351362,0.2762699,0.488776,2
0.6815397,0.104695,0.17136247,0.26838988,2
0.53328645,0.08473873,0.27047983,0.5698725,2
0.5995202,0.17204532,0.19348444,0.45489383,2
0.39644343,0.06453098,0.33025542,0.5224884,2
0.48209783,0.1505843,0.29163483,0.4431655,2
0.60415405,0.13268793,0.23439363,0.48075318,2
0.63795924,0.10238022,0.21436383,0.44366595,2
0.5043183,0.13526395,0.34057254,0.4433938,2
0.48149902,0.11450945,0.35385156,0.42721164,2
0.5708058,0.3501238,0.12284669,0.17710575,3
0.49449056,0.41696736,0.17067091,0.22022355,3
0.7103242,0.3683845,0.20224303,0.11732299,3
0.45962828,0.26390943,0.14363506,0.20011233,3
0.59454966,0.38958952,0.21876569,0.25130242,3
0.49008226,0.38855544,0.19881141,0.08635277,3
0.5657162,0.5475405,0.2121187,0.15949188,3
0.4565798,0.13356619,0.21496765,0.13935885,3
0.41768283,0.38908017,0.13277304,0.11023621,3
0.3436862,0.3102097,0.07749085,0.21129902,3
0.5311604,0.42469913,0.39570585,0.16869602,3
0.42924643,0.30801845,0.15723053,0.14654529,3
0.5065004,0.23797183,0.16268925,0.3231031,3
0.5664119,0.4428678,0.11488306,0.05680346,3
0.27250138,0.25913066,0.02273203,0.3453315,3
0.48822322,0.5574724,0.16396515,0.09075733,3
0.5505027,0.5567169,0.22478539,0.16842917,3
0.2987755,0.29985112,0.04871395,0.10802735,3
0.44686803,0.45348886,0.14390732,0.24253067,3
0.5660544,0.37651086,0.21662052,0.31314257,3
0.4978265,0.4322307,0.16219434,0.13753952,3
0.5169201,0.43585372,0.183254,0.24337722,3
0.60162544,0.42762482,0.15880871,0.17928934,3
0.51537,0.43674988,0.3671964,0.24689192,3
0.42160353,0.40254298,0.2197866,0.16229123,3
0.54630387,0.44177336,0.22185385,0.19533281,3
0.5759866,0.32721302,0.3302551,0.18167451,3
0.4513467,0.5216343,0.29093242,0.18698554,3
0.5351929,0.33709937,0.12991641,0.15320338,3
0.4874044,0.45474368,0.30682242,0.07409524,3
0.5669534,0.454156,0.16409647,0.10827044,3
0.5393339,0.5012984,0.23966764,0.2716513,3
0.5573351,0.31928542,0.12779988,0.09828872,3
0.6270627,0.3470516,0.24900426,0.09214405,3
0.5756323,0.3309841,0.09263688,0.03460768,3
0.4694055,0.2684222,0.07567326,0.0914604,3
0.51715785,0.54502094,0.2385684,0.18301558,3
0.5076074,0.366181,0.08804952,0.12337547,3
0.42677194,0.29534033,0.07157929,0.30750743,3
0.42159402,0.30514053,0.10879846,0.16498412,3
0.58824295,0.51828206,0.41804725,0.2093687,3
0.59180003,0.3917992,0.33575878,0.25980237,3
0.609519,0.3712527,0.30120754,0.25378647,3
0.5911904,0.28249797,0.34874132,0.22238468,3
0.5402343,0.2469577,0.10367952,0.25469548,3
0.4770871,0.33146095,0.17805499,0.15966235,3
0.6154956,0.43651366,0.18515612,0.21720925,3
0.57965845,0.3058303,0.36872825,0.14476264,3
0.46279398,0.34214547,0.06841643,0.2488922,3
0.67575556,0.0904082,0.20044613,0.05131155,3
0.37198514,0.37299004,0.14796174,0.10881258,3
0.49294546,0.35051757,0.17444351,0.28179395,3
0.37154132,0.29578385,0.11374872,0.26006073,3
0.5836167,0.3271934,0.24008831,0.13959293,3
0.5103334,0.5525849,0.2531039,0.19043449,3
0.5669432,0.2518732,0.20009525,0.1121379,3
0.6093709,0.5106481,0.39586493,0.26996788,3
0.29834637,0.19541323,0.08522971,0.14852704,3
0.5851603,0.45832455,0.08797354,0.01200046,3
0.6353654,0.26085642,0.10044262,0.06407638,3
0.37713552,0.25039366,0.15442905,0.21372007,3
0.603391,0.43795642,0.23950315,0.2789969,3
0.3855393,0.30686745,0.20323965,0.149553,3
0.50011045,0.2446093,0.18625802,0.27661973,3
0.53987736,0.5278618,0.17654525,0.18715423,3
0.5446594,0.40399215,0.24047466,0.09095294,3
0.30089435,0.3252567,0.3336335,0.20799132,3
0.4201727,0.44671085,0.12835516,0.0554325,3
0.597585,0.5565892,0.13691439,0.08113572,3
0.5940164,0.46201187,0.13204272,0.13873073,3
0.49187905,0.36368,0.09022991,0.14011323,3
0.43166715,0.1967933,0.141943,0.36179987,3
0.35401583,0.35699326,0.18031476,0.23227747,3
0.5395716,0.38481465,0.14061928,0.14303875,3
0.5490961,0.23861434,0.3467497,0.16729248,3
0.62363505,0.46490985,0.23268887,0.37180012,3
0.55396944,0.4443007,0.23672861,0.19956867,3
0.267426,0.40901688,0.17893098,0.25032127,3
0.58710533,0.49577057,0.12786193,0.06421613,3
0.5682991,0.3795316,0.2744108,0.17649435,3
0.54964656,0.5459319,0.2015093,0.15659243,3
0.4342108,0.37520152,0.21923092,0.28498212,3
0.4721605,0.43548465,0.08776286,0.2096418,3
0.46837357,0.3569012,0.15127178,0.18742774,3
0.5117636,0.345086,0.16168559,0.21042007,3
0.54823935,0.33726686,0.10637738,0.14896867,3
0.43425018,0.29006752,0.08512017,0.1797946,3
0.4641449,0.1212642,0.25279534,0.21551713,3
0.61949396,0.34085792,0.07083747,0.1909096,3
0.28923255,0.47539032,0.18320768,0.18961221,3
0.61789554,0.4841474,0.1386239,0.20549276,3
0.5288268,0.47081083,0.18903016,0.24847658,3
0.3831513,0.33840445,0.1391438,0.19113682,3
0.5664412,0.39877552,0.19013987,0.12846386,3
0.5574813,0.51147175,0.23106475,0.23560534,3
0.5875599,0.46779928,0.22179578,0.35654303,3
0.5447527,0.4678753,0.17505679,0.2372955,3
0.5892812,0.4149869,0.2438717,0.1483914,3
0.50342244,0.21320187,0.24014392,0.15815683,3
0.50775045,0.51416504,0.14271379,0.07636449,3
0.51629287,0.33924535,0.08837479,0.07147351,3
0.53936243,0.35386094,0.4707323,0.26617548,3
0.64002454,0.47332668,0.1523639,0.1227917,3
0.6739517,0.06750156,0.2287221,0.21277028,3
0.5217698,0.27706107,0.09314282,0.15437175,3
0.6150474,0.4077643,0.08728766,0.05157478,3
0.49760664,0.3723256,0.07972316,0.10815476,3
0.61230356,0.2624922,0.30651897,0.2263756,3
0.5004001,0.42728886,0.1750652,0.17519087,3
0.584007,0.47433746,0.17842267,0.2265308,3
0.5292357,0.5753194,0.22825845,0.24932928,3
0.5931765,0.3718825,0.08860212,0.1924595,3
0.68342054,0.28008413,0.18569933,0.11471589,3
0.5702677,0.43769276,0.06653913,0.24354436,3
0.6117881,0.5105852,0.21806753,0.26326144,3
0.50729746,0.4798197,0.15296948,0.12292071,3
0.48107356,0.47796717,0.15284427,0.05422158,3
0.54679865,0.38157302,0.11250141,0.14003734,3
0.670709,0.4205188,0.12130148,0.1373707,3
0.43399933,0.48586586,0.19789557,0.16200216,3
0.5680405,0.52827793,0.16104162,0.21566749,3
0.50378245,0.33504233,0.25555867,0.13063625,3
0.50805575,0.39698276,0.20886154,0.19518852,3
0.5382472,0.359315,0.19661666,0.14742258,3
0.44857898,0.31601983,0.12244037,0.18177532,3
0.44300276,0.3761723,0.11214919,0.10425354,3
0.48267582,0.40286767,0.19378333,0.16941734,3
0.51140344,0.33897698,0.07813851,0.15364715,3
0.504107,0.48112804,0.2268,0.2709038,3
0.56504786,0.38224617,0.13235204,0.15449455,3
0.53124964,0.44370642,0.13585359,0.03546911,3
0.5691039,0.35041964,0.11948296,0.10001911,3
0.52409416,0.3187658,0.21576017,0.14071603,3
0.2734165,0.27813193,0.06626964,0.34975648,3
0.5451686,0.5180338,0.17466861,0.0924208,3
0.3660405,0.43049747,0.20144421,0.20358679,3
0.55524737,0.34238124,0.14844395,0.24237624,3
0.6043991,0.04768988,0.2296975,0.07154704,3
0.5429613,0.27235985,0.32924843,0.17607802,3
0.49732387,0.11789651,0.30636805,0.18299623,3
0.44896203,0.40333742,0.09056286,0.18260837,3
0.43289748,0.38645443,0.13031374,0.15297122,3
0.28445426,0.32555822,0.11842778,0.3001078,3
0.69765204,0.30929902,0.11050023,0.08931742,3
0.41547644,0.37298298,0.107078,0.19605564,3
0.41547072,0.3800247,0.16963781,0.27702296,3
0.44287166,0.33911055,0.11414498,0.14423022,3
0.4192248,0.21929012,0.21094933,0.22645672,3
0.45349863,0.3602562,0.11846847,0.39547002,3
0.532872,0.4136055,0.3158219,0.14701918,3
0.590828,0.5187088,0.1945808,0.26259902,3
0.5644527,0.4271298,0.17328896,0.24480312,3
0.585366,0.40870592,0.20357597,0.20055804,3
0.3863897,0.33156502,0.19798759,0.1288578,3
0.3512049,0.28332838,0.20038018,0.11251292,3
0.46462187,0.25979802,0.04669115,0.12618001,3
0.42877105,0.23115951,0.15946189,0.33138242,3
0.5867678,0.50050867,0.20926426,0.21102248,3
0.43264657,0.38347352,0.16585031,0.11799922,3
0.48106748,0.33551174,0.17514339,0.15895806,3
0.5081892,0.28479627,0.26912302,0.19033419,3
0.61646,0.43926302,0.1641267,0.24731185,3
0.566044,0.4161882,0.15368932,0.1082842,3
0.56905556,0.50228614,0.1533776,0.05828059,3
0.33960053,0.34526697,0.16063023,0.2210541,3
0.31281403,0.32458767,0.17402332,0.25549996,3
0.5470953,0.52759904,0.16101696,0.17065486,3
0.5606533,0.4786343,0.39294645,0.14930145,3
0.50014067,0.5790701,0.18466575,0.16640355,3
0.5594082,0.46146074,0.1194174,0.07433459,3
0.56316054,0.44112796,0.14933804,0.2737042,3
0.6245952,0.09365529,0.22824487,0.07894947,3
0.5804406,0.51142997,0.2486779,0.36170658,3
0.56644994,0.3076423,0.296943,0.20534535,3
0.49008226,0.38855544,0.19881141,0.08635277,3
0.40450755,0.33354416,0.11437958,0.1577596,3
0.35199755,0.3165925,0.12150417,0.20321439,3
0.4947284,0.35567215,0.16521975,0.27140427,3
0.6061398,0.41019812,0.25731933,0.12619387,3
0.57899225,0.46115547,0.23401211,0.16162086,3
0.5480577,0.38476008,0.1647496,0.12745233,3
0.585442,0.4046546,0.14423166,0.13250595,3
0.40862548,0.30522344,0.12552436,0.26629663,3
0.5027402,0.38953903,0.24627061,0.398726,3
0.5451603,0.3720256,0.1130777,0.13334414,3
0.45080286,0.41673943,0.1485264,0.12652797,3
0.445286,0.4213437,0.18960284,0.11186594,3
0.4861689,0.39760017,0.15295029,0.09773174,3
0.55369776,0.42892793,0.40202248,0.3103896,3
0.58374107,0.322402,0.10634201,0.14179471,3
0.5315289,0.5161023,0.35933146,0.19518586,3
0.50109905,0.46032718,0.11776023,0.03413387,3
0.54576796,0.49308237,0.22521552,0.4411982,3
0.575238,0.536924,0.20608418,0.32630438,3
0.51369625,0.45359415,0.23666927,0.19550446,3
0.4775029,0.34561345,0.14014755,0.19366191,3
0.5747594,0.2708872,0.24173787,0.21443069,3
0.3185489,0.3622003,0.18837713,0.14719267,3
0.57215726,0.39343068,0.1839818,0.1853861,3
0.58015054,0.42129108,0.15435353,0.20082104,3
0.4704402,0.5845889,0.30245832,0.0431808,4
0.43357068,0.345178,0.4321746,0.18938336,4
0.42116857,0.5219162,0.30316705,0.05482512,4
0.5850157,0.56373674,0.30207545,0.08175278,4
0.41084686,0.35066912,0.48428503,0.24338593,4
0.48486856,0.46248382,0.4330595,0.17588933,4
0.36934108,0.35674897,0.390139,0.10166156,4
0.41753668,0.5547853,0.2900958,0.02908144,4
0.5072905,0.59831715,0.27263993,0.02866718,4
0.38921872,0.3654764,0.41287333,0.13487826,4
0.52361673,0.5339336,0.31365898,0.07225162,4
0.56936276,0.5650594,0.3297638,0.12837832,4
0.51610917,0.49351743,0.38844967,0.14502995,4
0.450897,0.5813942,0.31704754,0.06347325,4
0.31861234,0.46059096,0.20750195,0.14629675,4
0.34978303,0.4024875,0.25131568,0.15238829,4
0.5321172,0.5382898,0.23354672,0.04873972,4
0.4581861,0.25542882,0.43016422,0.19836266,4
0.5476259,0.39758226,0.4121354,0.27322784,4
0.31206334,0.18662548,0.15998203,0.15112004,4
0.43032566,0.3254105,0.45741212,0.21869792,4
0.5440106,0.53367156,0.27672067,0.11386471,4
0.5833714,0.4431146,0.34425682,0.20041046,4
0.39353797,0.4517132,0.6013704,0.12492792,4
0.34980512,0.61985594,0.22451887,0.24621761,4
0.37337092,0.2920304,0.09257314,0.3737001,4
0.37527707,0.42639107,0.36964536,0.10754176,4
0.50119716,0.42025268,0.44617,0.15293965,4
0.45838183,0.46109834,0.3997242,0.09819067,4
0.43776512,0.5041717,0.43030876,0.16919208,4
0.43826154,0.6121297,0.1646393,0.18109235,4
0.4195959,0.46713945,0.3763824,0.03577353,4
0.58291274,0.49122474,0.2306478,0.06647173,4
0.49299416,0.31829622,0.45313483,0.30355707,4
0.46973017,0.45865285,0.40126437,0.1442,4
0.32980087,0.44534174,0.33327514,0.02930177,4
0.4499944,0.4603638,0.37103742,0.10523893,4
0.2945968,0.4024763,0.17818198,0.2854635,4
0.5011818,0.5203348,0.3505432,0.08599387,4
0.45999098,0.367094,0.41203746,0.24219796,4
0.4544635,0.4421865,0.3407736,0.08201087,4
0.48242182,0.45615816,0.3419301,0.01783254,4
0.61658,0.49750578,0.29417738,0.17501166,4
0.44714832,0.41868386,0.34481722,0.07207839,4
0.4367958,0.43132314,0.4203849,0.19740273,4
0.5418294,0.5529403,0.26755255,0.04224785,4
0.53485173,0.5157924,0.25240314,0.13943931,4
0.3747926,0.45299545,0.30176738,0.17198855,4
0.49013767,0.53460276,0.19489038,0.05790208,4
0.532909,0.5052627,0.4201852,0.11304867,4
0.52422667,0.63407195,0.2999283,0.01933642,4
0.46859303,0.3489895,0.45888355,0.3452023,4
0.47921872,0.53614694,0.23785117,0.04692784,4
0.43103382,0.3762177,0.3635624,0.10401078,4
0.49225754,0.28564015,0.4677178,0.37418428,4
0.5058973,0.39526698,0.41872686,0.17279479,4
0.52281594,0.63602436,0.20581783,0.09403438,4
0.53372806,0.3342842,0.42796403,0.32421073,4
0.42774978,0.4787312,0.30949,0.05621045,4
0.49182063,0.66165584,0.24318755,0.06274115,4
0.44990858,0.5694495,0.3266335,0.0524135,4
0.25221306,0.3261911,0.28850263,0.08079693,4
0.49402994,0.40893158,0.4562611,0.29533577,4
0.43711844,0.24065645,0.46331957,0.24034563,4
0.535825,0.566983,0.22073154,0.04897069,4
0.57974946,0.48968884,0.3674373,0.18102226,4
0.42089933,0.442778,0.3463134,0.05488248,4
0.48293242,0.28049496,0.28057042,0.08660029,4
0.47105226,0.60314715,0.32453755,0.06958759,4
0.4295447,0.35970655,0.4376022,0.23437995,4
0.45703295,0.52231085,0.3397515,0.04872593,4
0.44319367,0.2574019,0.4293299,0.2834241,4
0.3455207,0.5536585,0.02162814,0.21747918,4
0.37711012,0.4449294,0.30904233,0.09502641,4
0.5934765,0.23465598,0.28816298,0.40978193,4
0.45082703,0.47625408,0.3276938,0.12635759,4
0.38813284,0.64951694,0.11411159,0.22493431,4
0.45344126,0.47320694,0.22225165,0.04944417,4
0.55633885,0.532369,0.37611192,0.2086095,4
0.5449639,0.3695195,0.37301198,0.36703137,4
0.4531336,0.4043371,0.45451882,0.27439785,4
0.5974129,0.42784798,0.31510562,0.15683363,4
0.51406133,0.5884095,0.29077494,0.10390684,4
0.53013635,0.49571404,0.1651494,0.2213477,4
0.38304898,0.5047854,0.3898971,0.06145149,4
0.5592399,0.51884687,0.36334267,0.1863358,4
0.55461687,0.50371444,0.35772905,0.12876917,4
0.44848248,0.5553837,0.1385415,0.13903189,4
0.49572802,0.5286256,0.3534908,0.07124047,4
0.52998906,0.4905503,0.38141307,0.19194107,4
0.450597,0.49911582,0.26137072,0.13166878,4
0.62826383,0.58285534,0.2185562,0.03251678,4
0.45017043,0.30366784,0.450932,0.2834449,4
0.5136873,0.53506935,0.40320948,0.07425311,4
0.4264263,0.31392506,0.42476198,0.24836938,4
0.5312346,0.5391979,0.35380328,0.12944406,4
0.56138605,0.4584709,0.19683772,0.02673025,4
0.53593117,0.6553881,0.3556966,0.08929244,4
0.28689563,0.37403688,0.32189524,0.08664731,4
0.44049072,0.44317934,0.28451997,0.05271988,4
0.5363234,0.4131535,0.44086772,0.21150738,4
0.48610172,0.51310605,0.19361922,0.13754821,4
0.40669248,0.6057479,0.24791089,0.11214644,4
0.3874988,0.4542688,0.32938594,0.10650346,4
0.6166363,0.17273526,0.31526044,0.41928065,4
0.36840016,0.39183703,0.36258283,0.18870744,4
0.48205408,0.5133681,0.2994769,0.17004144,4
0.5445772,0.5585869,0.3903569,0.20943953,4
0.3370972,0.51710993,0.33679956,0.08087788,4
0.5048578,0.46457285,0.3459031,0.1294103,4
0.49663517,0.5022479,0.33563367,0.07838468,4
0.4963555,0.46349484,0.38280237,0.09255713,4
0.5109523,0.64426714,0.14284511,0.1375043,4
0.33992836,0.2788314,0.36255428,0.17067145,4
0.45551002,0.44241098,0.40324622,0.06325092,4
0.4845806,0.4261127,0.4042605,0.147253,4
0.55046284,0.53129774,0.2956511,0.06380134,4
0.48617014,0.41221574,0.4134507,0.15681416,4
0.53826636,0.5544406,0.30404186,0.15610509,4
0.5415016,0.4190649,0.3901871,0.21111377,4
0.5395774,0.6155075,0.26283294,0.03790413,4
0.5091306,0.26987672,0.43217883,0.3360673,4
0.474725,0.4686302,0.3716775,0.09586412,4
0.5337982,0.45980498,0.42212668,0.19087698,4
0.5922794,0.5421906,0.33688945,0.15695196,4
0.43309656,0.41766718,0.41789496,0.22965632,4
0.48051995,0.2839577,0.34952018,0.15719956,4
0.470377,0.53573656,0.36333224,0.08483797,4
0.49435043,0.449378,0.4408558,0.15240227,4
0.6114966,0.50184715,0.2667279,0.117014,4
0.457467,0.60569054,0.0784122,0.17274706,4
0.3023365,0.40321,0.2868499,0.11709483,4
0.49734,0.20640665,0.41174495,0.3267884,4
0.29671332,0.27581415,0.34094593,0.08688631,4
0.5389648,0.5384836,0.20730948,0.06820754,4
0.5002688,0.46719152,0.41225603,0.19791973,4
0.40847266,0.34912753,0.41618615,0.23022991,4
0.5759699,0.47174117,0.3845208,0.2167314,4
0.5020943,0.5482362,0.33613995,0.14641756,4
0.5684876,0.37503058,0.48247457,0.27191037,4
0.5803682,0.45718914,0.40535256,0.1621776,4
0.51105505,0.45848632,0.37380454,0.11960308,4
0.26085213,0.25455508,0.36212513,0.11424571,4
0.57072437,0.5005514,0.38976914,0.11273906,4
0.5784322,0.49204132,0.34908247,0.16361831,4
0.63629425,0.47963953,0.30082777,0.17577215,4
0.48032957,0.53793555,0.30721986,0.07586385,4
0.33683848,0.2776122,0.42732242,0.09211892,4
0.49423188,0.27274907,0.40385836,0.27917132,4
0.4083144,0.38034302,0.4459159,0.15906838,4
0.589588,0.25365326,0.42495868,0.3638431,4
0.46941882,0.6122116,0.164749,0.2607111,4
0.47456643,0.4329459,0.4244013,0.20689447,4
0.44177604,0.41613662,0.44867352,0.18402085,4
0.51104397,0.5745919,0.31002852,0.09242983,4
0.5199683,0.61334926,0.17087173,0.19567043,4
0.56509656,0.50762135,0.29839975,0.13775028,4
0.49304786,0.5436307,0.20833787,0.21619067,4
0.47543308,0.35818756,0.43829256,0.4026634,4
0.37445077,0.43705982,0.26744747,0.10413946,4
0.50885344,0.30274892,0.42368796,0.29346162,4
0.3364314,0.5121358,0.26930383,0.07699432,4
0.43349335,0.49866652,0.38943657,0.07672932,4
0.5275322,0.5532244,0.24597022,0.03257373,4
0.5592099,0.5731188,0.35401687,0.17131765,4
0.5824266,0.541023,0.2979475,0.10656681,4
0.46266583,0.6760063,0.20636223,0.17967634,4
0.57234955,0.38056856,0.35964835,0.27248996,4
0.3342535,0.4413258,0.18170804,0.14718172,4
0.5073008,0.37999332,0.3236685,0.14676084,4
0.32091814,0.40904456,0.33107403,0.07478589,4
0.6422096,0.4863845,0.16055068,0.08026529,4
0.33476397,0.38425377,0.39969623,0.1385657,4
0.5036286,0.2800736,0.41428968,0.4152373,4
0.05713217,0.26780927,0.53876865,0.23551589,4
0.4383444,0.6302359,0.2789499,0.08957448,4
0.32157767,0.43393323,0.24065499,0.10897286,4
0.2852877,0.51615894,0.09473926,0.23669106,4
0.43911493,0.3173179,0.45193064,0.25039768,4
0.4735347,0.5363788,0.33281028,0.02910715,4
0.2900029,0.36230943,0.2802275,0.18281797,4
0.40977862,0.4344132,0.3343964,0.05710642,4
0.34353054,0.28385347,0.42001688,0.12885548,4
0.38318074,0.46301425,0.29760486,0.03362084,4
0.4310526,0.48384607,0.31124443,0.05580448,4
0.3283003,0.47084114,0.35746476,0.08912869,4
0.28086156,0.29514802,0.31500956,0.14689595,4
0.582195,0.5179632,0.38648894,0.28025964,4
0.50401187,0.3194305,0.4113571,0.27107766,4
0.43759,0.3520006,0.4568731,0.25901267,4
0.52268755,0.42920014,0.40169978,0.24349174,4
0.53329587,0.45479605,0.47970086,0.28419834,4
0.56685835,0.5373777,0.34323347,0.14903136,4
0.6088551,0.49351302,0.31413323,0.15537332,4
0.41158882,0.2690181,0.48991007,0.26652548,4
0.49462956,0.30583397,0.44050446,0.3173838,4
0.34208912,0.30780515,0.36715126,0.20846225,4
0.49633136,0.620171,0.1773905,0.18885183,4
0.49727058,0.4312069,0.3553789,0.09509039,4
0.40935877,0.5437671,0.26695168,0.03846331,4
0.40084857,0.4130864,0.23775049,0.20200567,5
0.5776331,0.53262234,0.2793168,0.24836715,5
0.36246493,0.69539803,0.14933158,0.11760803,5
0.42927393,0.6874114,0.19457562,0.06654279,5
0.5174642,0.7068295,0.2499137,0.10868542,5
0.49416763,0.6571301,0.27647367,0.03874355,5
0.32860354,0.6778358,0.21547922,0.19449928,5
0.18489745,0.6736698,0.09356983,0.204078,5
0.3237255,0.623694,0.23935673,0.17718178,5
0.51069707,0.6707159,0.20679867,0.10488662,5
0.14553763,0.625191,0.21635345,0.24189812,5
0.31590346,0.7509384,0.17010815,0.22393072,5
0.5472778,0.67589355,0.18295144,0.10020674,5
0.47721845,0.66258323,0.25782713,0.12230535,5
0.54583603,0.644273,0.21084908,0.14492944,5
0.18223521,0.6539085,0.13561302,0.2118113,5
0.42300612,0.6666897,0.22179309,0.09448352,5
0.4354534,0.6171058,0.2493721,0.04378147,5
0.4772866,0.5134444,0.30587676,0.07583473,5
0.29753503,0.5036002,0.23208576,0.14913107,5
0.48674047,0.6815771,0.1806959,0.1212263,5
0.5500432,0.63322204,0.2107103,0.05653589,5
0.15807952,0.5511657,0.22951494,0.20237283,5
0.48767468,0.54840547,0.18171792,0.14910957,5
0.27799547,0.67480433,0.21507135,0.13759305,5
0.409694,0.6007505,0.25713426,0.16575131,5
0.44543347,0.7014485,0.19486979,0.10433631,5
0.5141796,0.63662744,0.19399229,0.12305358,5
0.23211057,0.5341187,0.2761456,0.19840568,5
0.3090642,0.6688981,0.18024518,0.24200577,5
0.5404572,0.57749903,0.1848089,0.14240131,5
0.4719588,0.7052158,0.37703845,0.10581564,5
0.51363134,0.5593031,0.37899137,0.19926678,5
0.41825873,0.710874,0.15257211,0.1575974,5
0.573998,0.6283312,0.30391237,0.1986661,5
0.5065022,0.67316884,0.25249505,0.09497056,5
0.3514809,0.5206414,0.33863443,0.1058344,5
0.5267675,0.46262133,0.07919705,0.19402164,5
0.5412313,0.6638167,0.22051056,0.057708,5
0.46276695,0.6793239,0.2294387,0.10525649,5
0.5409994,0.66401935,0.25460926,0.19777212,5
0.49291041,0.6591875,0.26104861,0.11474909,5
0.6160941,0.5404102,0.19684598,0.06413751,5
0.4938155,0.6696392,0.23792516,0.09447087,5
0.46841216,0.56351966,0.2400536,0.21120815,5
0.5285256,0.6491569,0.2660726,0.05351443,5
0.50870246,0.67402077,0.20410329,0.15674321,5
0.46900675,0.6109373,0.24425407,0.02035152,5
0.459335,0.5450468,0.09969583,0.18611673,5
0.3990798,0.66366404,0.21062957,0.16220196,5
0.43370023,0.70431036,0.18232831,0.192399,5
0.52039135,0.62679094,0.17038882,0.16499735,5
0.39507774,0.57716656,0.07150806,0.17297244,5
0.47749928,0.55583835,0.1718523,0.15546912,5
0.47579822,0.52876556,0.08406141,0.1799983,5
0.4823483,0.6618663,0.21189561,0.13966806,5
0.5123463,0.6059721,0.17028186,0.02307753,5
0.4316125,0.6185151,0.25900322,0.14078075,5
0.39123565,0.4399922,0.26596403,0.07614531,5
0.61480504,0.5719566,0.37271717,0.27257845,5
0.50507736,0.5838213,0.2590008,0.16274361,5
0.19650725,0.61743104,0.12994228,0.23298188,5
0.62537223,0.4763683,0.1599704,0.13155606,5
0.43642193,0.6845017,0.17929646,0.18431896,5
0.53608304,0.6301246,0.20725086,0.0652725,5
0.32310575,0.4751929,0.2959559,0.16917647,5
0.22725293,0.61201066,0.24254292,0.18620057,5
0.5182996,0.67404157,0.2655163,0.06738945,5
0.52848035,0.620375,0.18236618,0.08973828,5
0.2939284,0.6513615,0.28711796,0.12043969,5
0.14461423,0.48164886,0.2075822,0.26531795,5
0.55636483,0.65606505,0.29247826,0.17418371,5
0.43242547,0.49106225,0.25784814,0.08066905,5
0.5136713,0.67996895,0.17562139,0.09426341,5
0.09025446,0.5361921,0.21647312,0.2972817,5
0.54022354,0.6750312,0.24451375,0.14206208,5
0.5493861,0.6447696,0.15249853,0.12078934,5
0.1868859,0.64771914,0.22864324,0.20934352,5
0.41194803,0.61551833,0.10289586,0.15745503,5
0.45256525,0.649796,0.27564594,0.05124672,5
0.43734017,0.6800597,0.20667252,0.10643392,5
0.51728517,0.59510124,0.18157654,0.11583193,5
0.4505072,0.5892003,0.2061396,0.06816296,5
0.396222,0.6278428,0.2376795,0.15240116,5
0.48249736,0.6165277,0.16455324,0.02968442,5
0.21266194,0.69212765,0.19030882,0.22441176,5
0.43388423,0.6221529,0.32491696,0.06924631,5
0.5761182,0.5240335,0.25159097,0.05578672,5
0.4645866,0.6670481,0.16278534,0.05969969,5
0.5610756,0.5089973,0.0945877,0.14910439,5
0.5649259,0.6033907,0.29511133,0.10437345,5
0.54043806,0.6644196,0.22870201,0.13641445,5
0.577963,0.65198594,0.30458766,0.25121695,5
0.35136145,0.5978498,0.14005123,0.18210211,5
0.47296044,0.6682035,0.24611402,0.05851603,5
0.06817251,0.6660533,0.0852833,0.21683781,5
0.38614523,0.6328847,0.21588854,0.05612801,5
0.5448057,0.5825965,0.28263468,0.06428383,5
0.5421583,0.6722947,0.2044802,0.07959036,5
0.2806616,0.7121856,0.16937804,0.20982093,5
0.44768572,0.5374633,0.17382373,0.1690344,5
0.54403085,0.28041726,0.22843504,0.11655753,5
0.4252948,0.5856208,0.1607128,0.25464976,5
0.1715136,0.5511241,0.19190077,0.25733632,5
0.22844207,0.6301743,0.16584349,0.1865821,5
0.30056652,0.6025141,0.29968846,0.21668895,5
0.16740231,0.60943425,0.26729533,0.30995747,5
0.412874,0.66329056,0.218391,0.16048166,5
0.39419153,0.54888433,0.07484553,0.103275,5
0.21495116,0.62741417,0.27982304,0.16568154,5
0.4878643,0.63955253,0.29639745,0.33601907,5
0.32353443,0.544897,0.30474526,0.12363123,5
0.4063554,0.61009735,0.29281038,0.09322208,5
0.4147254,0.6945543,0.20783485,0.17785877,5
0.54281884,0.5924641,0.18399559,0.1061765,5
0.49655658,0.679853,0.20708676,0.07672881,5
0.26525027,0.5767788,0.19799583,0.17717838,5
0.41493866,0.69531435,0.21400908,0.17631961,5
0.47935265,0.56915444,0.21414728,0.04226089,5
0.50234365,0.6529476,0.2171819,0.02219098,5
0.5594784,0.3943873,0.17661521,0.43561938,5
0.28855875,0.71197784,0.2488816,0.22276396,5
0.35647923,0.70695263,0.19226874,0.17394653,5
0.2698884,0.6073133,0.25677404,0.21152504,5
0.38572454,0.6982772,0.22414242,0.15892036,5
0.46454516,0.6981813,0.23991373,0.14176314,5
0.21126083,0.6248103,0.24100576,0.20266996,5
0.3480279,0.4861896,0.2885107,0.06078592,5
0.339528,0.6499223,0.2503189,0.15560244,5
0.63809663,0.5181396,0.24740477,0.17028531,5
0.4615878,0.3862329,0.06094929,0.45821857,5
0.25341487,0.5000043,0.22935347,0.1428874,5
0.44240773,0.6589021,0.16709065,0.17296952,5
0.38103825,0.6411431,0.15330496,0.13726757,5
0.1547891,0.626438,0.20488732,0.29215762,5
0.30147967,0.64642805,0.11963015,0.2653994,5
0.23126598,0.50102574,0.32370308,0.16146223,5
0.4492611,0.6683841,0.21663986,0.13982289,5
0.47489277,0.6000782,0.25662974,0.11199996,5
0.25619626,0.6866922,0.17672858,0.22199818,5
0.43671292,0.719556,0.18291771,0.17267431,5
0.31598422,0.62010586,0.2140913,0.18103321,5
0.44664446,0.5990822,0.16309115,0.11184798,5
0.41414022,0.6922894,0.2358671,0.15698136,5
0.290414,0.72274256,0.2606309,0.2153025,5
0.4931707,0.5726447,0.27337325,0.04222064,5
0.39574027,0.6159503,0.21472481,0.09198232,5
0.17470075,0.6130104,0.17580622,0.19737476,5
0.4654907,0.69446003,0.241605,0.08272181,5
0.49249327,0.6400218,0.25725216,0.09086381,5
0.24200954,0.6385825,0.17057917,0.21533674,5
0.47870633,0.69271964,0.22945087,0.14626136,5
0.32939848,0.66871727,0.29104424,0.12801892,5
0.49712408,0.67334783,0.22170722,0.07682989,5
0.31675526,0.5498009,0.25620437,0.09762828,5
0.5165954,0.6251871,0.22575858,0.14242546,5
0.33687747,0.6097042,0.25884587,0.17418945,5
0.4611203,0.6383411,0.28102273,0.16805406,5
0.46707702,0.6701576,0.1677171,0.1334795,5
0.42852217,0.66941875,0.23903868,0.13545907,5
0.5462092,0.66665184,0.21943964,0.08733728,5
0.27598327,0.6224445,0.23999275,0.20150721,5
0.49844953,0.6829083,0.18893306,0.11390283,5
0.5239397,0.67641217,0.31991646,0.13604225,5
0.5504756,0.65575784,0.22999123,0.14740327,5
0.5531415,0.5686584,0.41599393,0.187176,5
0.5614524,0.6529294,0.246067,0.06876973,5
0.30338365,0.6315933,0.19200891,0.12419967,5
0.5526604,0.6333472,0.23220237,0.12412682,5
0.5440219,0.6458143,0.21911238,0.08550269,5
0.38517508,0.63392377,0.24985114,0.10712715,5
0.38703477,0.630822,0.26389274,0.03324787,5
0.4654907,0.69446003,0.241605,0.08272181,5
0.43454316,0.66056883,0.20557588,0.14056332,5
0.55410445,0.6268537,0.23439316,0.08688925,5
0.5664973,0.50961715,0.14070097,0.08021931,5
0.5134169,0.64660096,0.1985613,0.08487548,5
0.31215283,0.57789195,0.40983084,0.13522595,5
0.51746845,0.68363816,0.29521674,0.17940114,5
0.32059735,0.6670193,0.2292457,0.21159098,5
0.45755494,0.6783427,0.27787483,0.06568036,5
0.2994714,0.6098268,0.2704807,0.15204822,5
0.35042086,0.6342552,0.18716387,0.12615152,5
0.54844743,0.58582056,0.16928233,0.10900484,5
0.3108452,0.5649112,0.25044745,0.17305656,5
0.47689438,0.67607784,0.17241088,0.11297423,5
0.43112242,0.5379737,0.2352834,0.21279842,5
0.53640735,0.6412744,0.2750902,0.12900564,5
0.534351,0.6561405,0.2162819,0.08614331,5
0.47728813,0.69900715,0.15508182,0.06087592,5
0.5922396,0.5592089,0.15535688,0.08461288,5
0.22565353,0.6805816,0.06058926,0.15393294,5
0.48861957,0.6490499,0.19564919,0.05769046,5
0.13989902,0.6475965,0.17336775,0.27015853,5
0.38386697,0.48888275,0.06486851,0.08061606,5
0.3086441,0.6257296,0.1807979,0.18181276,5
0.44896573,0.67361706,0.2744631,0.14502908,5
0.37540466,0.64222026,0.18810914,0.04063174,5
0.39176115,0.6491244,0.24081399,0.10064657,5
0.47062016,0.65556324,0.18733428,0.17842288,5
0.13285728,0.48146135,0.15674789,0.22930057,6
0.19234297,0.3731337,0.29635236,0.21627355,6
0.15385966,0.46498206,0.29297373,0.26463166,6
0.14406647,0.5001351,0.26835465,0.31415984,6
0.2710108,0.35149437,0.20950355,0.15084068,6
0.26766083,0.26837504,0.17209873,0.26519912,6
0.20083052,0.3825746,0.2873983,0.23556788,6
0.3102537,0.36149552,0.28405893,0.14429785,6
0.29156682,0.33451837,0.16385116,0.17205496,6
0.27921355,0.31746534,0.22774255,0.17528196,6
0.1275515,0.47967178,0.32290706,0.25460112,6
0.19732855,0.48062244,0.31861368,0.2691537,6
0.29458097,0.25964636,0.25368938,0.19555633,6
0.19341658,0.474635,0.27712053,0.27588627,6
0.32230687,0.269556,0.24445371,0.15671974,6
0.1736945,0.5124211,0.30845058,0.3286128,6
0.06328969,0.4827397,0.30724832,0.2808396,6
0.19156496,0.4273752,0.28105122,0.25697786,6
0.2408519,0.35783175,0.27648127,0.18890198,6
0.13683031,0.5254032,0.33126688,0.25878605,6
0.2673266,0.34189537,0.3190965,0.24464323,6
0.2912869,0.35845417,0.2613139,0.15250662,6
0.37178776,0.3035628,0.25202274,0.20765957,6
0.22476849,0.39920136,0.13297804,0.2153135,6
0.29578716,0.24071035,0.20263498,0.214694,6
0.23033974,0.28851405,0.2783846,0.2157006,6
0.34526008,0.3317576,0.20104218,0.17770775,6
0.1937943,0.36465624,0.23205738,0.17978057,6
0.20518877,0.39773694,0.3164932,0.29616475,6
0.29233766,0.30640906,0.06067479,0.3312556,6
0.19200031,0.38489482,0.30293196,0.23704754,6
0.2916132,0.25315842,0.17650855,0.15855086,6
0.25625882,0.3695059,0.25642377,0.18842138,6
0.2928942,0.2882257,0.2572498,0.15659387,6
0.24884127,0.40430826,0.2870262,0.17088059,6
0.22416165,0.44429553,0.2672125,0.2695857,6
0.1294165,0.5181828,0.02353916,0.32150203,6
0.19419672,0.41233328,0.3089441,0.28136384,6
0.260942,0.3510394,0.26587787,0.1731749,6
0.20053466,0.51941216,0.29707167,0.27977705,6
0.22153163,0.3897076,0.20215175,0.1879841,6
0.24565046,0.27813148,0.22565828,0.15590489,6
0.25372413,0.44437093,0.19953755,0.21197632,6
0.1786567,0.47333124,0.29780665,0.27306807,6
0.24372017,0.42689136,0.3161669,0.18829282,6
0.09864132,0.4081572,0.21750174,0.21541709,6
0.14892317,0.4840006,0.3044993,0.24272779,6
0.20076579,0.32982844,0.0533968,0.36406863,6
0.19477277,0.40247923,0.29092,0.22914867,6
0.28752825,0.31819355,0.29879767,0.18264347,6
0.29764763,0.2862605,0.15409964,0.189759,6
0.332675,0.37638476,0.2731441,0.09211406,6
0.26662913,0.3730581,0.22655895,0.10589823,6
0.32789236,0.26824963,0.24759182,0.15134901,6
0.2890508,0.31522736,0.14420475,0.23603906,6
0.29248884,0.37051088,0.2539529,0.1495318,6
0.24837035,0.48235336,0.32893232,0.23117077,6
0.28082097,0.37709206,0.28573263,0.11959022,6
0.2738261,0.3208179,0.1975024,0.1184837,6
0.2430952,0.3527287,0.27845657,0.21140112,6
0.06951132,0.46296027,0.31536934,0.30436674,6
0.27673572,0.24475026,0.24687836,0.20936894,6
0.27586013,0.28396243,0.17492713,0.12900978,6
0.28173992,0.27220255,0.25088865,0.19157274,6
0.13839191,0.33462498,0.19478261,0.25279766,6
0.30106366,0.24838535,0.20648064,0.12600215,6
0.2968738,0.2743415,0.30123693,0.1906336,6
0.30292815,0.3016909,0.26128998,0.15917146,6
0.2602637,0.4677464,0.25988388,0.12228038,6
0.11832899,0.47671938,0.31778935,0.26074824,6
0.19317558,0.45854098,0.30357894,0.21926449,6
0.19419672,0.41233328,0.3089441,0.28136384,6
0.30106366,0.24838535,0.20648064,0.12600215,6
0.21036276,0.3720317,0.2738679,0.21718812,6
0.19935775,0.36207166,0.31722784,0.27312076,6
0.20789412,0.3407929,0.2899276,0.2730182,6
0.22905666,0.4313223,0.30076405,0.20863947,6
0.26792774,0.3135519,0.21386296,0.15724681,6
0.32562283,0.31514347,0.15302508,0.11975226,6
0.15401378,0.46505114,0.29391903,0.22996365,6
0.25354603,0.2460447,0.23288971,0.21412846,6
0.3251588,0.20824786,0.14173478,0.20293444,6
0.24575122,0.35448045,0.25314528,0.21307686,6
0.30506364,0.38291875,0.2706169,0.14198633,6
0.22624567,0.4585118,0.16066876,0.2345468,6
0.33161333,0.21771187,0.18571922,0.11774959,6
0.29599637,0.27483287,0.14007065,0.2688864,6
0.25202692,0.198345,0.21190995,0.27907583,6
0.3321185,0.3936342,0.29709437,0.11092088,6
0.29025102,0.26063636,0.26894093,0.21422283,6
0.24835508,0.23463959,0.17003852,0.30407068,6
0.24231634,0.31155127,0.202912,0.19349459,6
0.202415,0.29253343,0.2531473,0.18240003,6
0.35616156,0.4144282,0.28453004,0.13113008,6
0.25653952,0.34268013,0.25969067,0.16923723,6
0.24034081,0.41118088,0.27937114,0.19555008,6
0.27368018,0.39611116,0.26359612,0.1724233,6
0.30929628,0.40044785,0.27049938,0.13017702,6
0.35145885,0.2640191,0.22973563,0.1533978,6
0.16165699,0.4663488,0.04333273,0.28296563,6
0.3445025,0.3803304,0.10248224,0.3049538,6
0.3363069,0.33598167,0.18624309,0.17853266,6
0.14015211,0.44471034,0.10088524,0.27037415,6
0.20992844,0.30946752,0.2547733,0.2424897,6
0.14784497,0.45321888,0.15734543,0.23182201,6
0.1193227,0.48420033,0.12514272,0.26461437,6
0.25369322,0.4567702,0.30111155,0.2271629,6
0.09784586,0.40075022,0.09960593,0.23755632,6
0.26299402,0.29790896,0.20147498,0.13972148,6
0.19927658,0.28317982,0.24879679,0.21719165,6
0.35946506,0.3473791,0.30108383,0.10377139,6
0.24617176,0.2650283,0.2468354,0.19329627,6
0.26870453,0.3873203,0.15832852,0.2691543,6
0.27465206,0.4342603,0.3143205,0.11059572,6
0.20773251,0.45965645,0.32321867,0.2885652,6
0.32716462,0.20386094,0.21566452,0.17394274,6
0.33840704,0.22569264,0.21581692,0.18578596,6
0.1614085,0.43578053,0.26254353,0.29397514,6
0.3319327,0.23133089,0.2285742,0.20235439,6
0.26555642,0.38858503,0.24870579,0.1293759,6
0.33072162,0.28249878,0.26548383,0.12050968,6
0.24281545,0.35008788,0.29811078,0.22362234,6
0.23076609,0.3562112,0.26632342,0.19559611,6
0.22749667,0.3700363,0.2572309,0.24587825,6
0.36397788,0.27739823,0.16154683,0.20072652,6
0.3354078,0.31626222,0.1940655,0.1206745,6
0.2538534,0.27687588,0.20119412,0.21554376,6
0.2719717,0.3460592,0.29572707,0.23577759,6
0.32047445,0.43886134,0.08075498,0.30022427,6
0.25440916,0.48129088,0.22743101,0.15640162,6
0.38271055,0.300351,0.15385526,0.39643455,6
0.17224728,0.4142794,0.2853237,0.22113982,6
0.16318733,0.4013693,0.28821346,0.20588037,6
0.2726711,0.38233665,0.20707417,0.1296103,6
0.15147258,0.3994616,0.26391083,0.28832272,6
0.2259165,0.20410015,0.13406561,0.19357577,6
0.1905826,0.37885717,0.29684424,0.2532425,6
0.17263398,0.24768104,0.24089096,0.23388822,6
0.707318,0.20214014,0.21097583,0.31425518,6
0.14026713,0.47507742,0.2625545,0.32433704,6
0.22395688,0.3953501,0.26020712,0.1895731,6
0.30132896,0.3866448,0.15391482,0.12152047,6
0.30829856,0.32749563,0.24767144,0.14200382,6
0.2619964,0.33213192,0.25546527,0.18810341,6
0.22420901,0.409683,0.3138652,0.21412653,6
0.43225738,0.32571405,0.29358193,0.15028703,6
0.2501416,0.310807,0.2883654,0.21596175,6
0.2621877,0.33332628,0.27092367,0.15386952,6
0.10691029,0.40556204,0.2675588,0.34499606,6
0.08613101,0.49851528,0.3074121,0.32166144,6
0.22222675,0.3103592,0.25163445,0.18311994,6
0.24166264,0.43065184,0.28463432,0.29596722,6
0.23446266,0.39276096,0.2742895,0.23109744,6
0.31592512,0.29594672,0.13036573,0.1452326,6
0.3050235,0.32502073,0.19424984,0.21635081,6
0.27806085,0.3043529,0.25238436,0.15202512,6
0.14715756,0.48768166,0.16502133,0.20837823,6
0.25566205,0.3552876,0.27367768,0.21869762,6
0.2656882,0.336826,0.22976622,0.1795071,6
0.25403714,0.33774176,0.24066305,0.10170063,6
0.3134397,0.28896028,0.2264589,0.19464453,6
0.13461299,0.46505594,0.29321048,0.25439477,6
0.34554353,0.3464583,0.31476045,0.11560733,6
0.27428195,0.2879762,0.09102195,0.27411163,6
0.17814396,0.40706867,0.29374936,0.24330397,6
0.2149675,0.3405925,0.26241586,0.17540458,6
0.18315987,0.4496979,0.1596173,0.26242232,6
0.32047424,0.42323136,0.3110439,0.15841892,6
0.26913354,0.3507048,0.16953981,0.0813212,6
0.19285835,0.36626333,0.3008392,0.24925226,6
0.21819776,0.4358864,0.3005942,0.21598183,6
0.34507537,0.22934704,0.2026061,0.17438436,6
0.19309933,0.48889276,0.30214444,0.26012793,6
0.12386582,0.4522055,0.31982726,0.28414953,6
0.30047187,0.35955203,0.1602748,0.15307303,6
0.26115084,0.30172783,0.25092143,0.15954274,6
0.2782312,0.3240633,0.177656,0.13010806,6
0.26584303,0.32675046,0.24191155,0.1666511,6
0.30563527,0.33301446,0.31274754,0.22546618,6
0.32289314,0.31945783,0.17311151,0.09193082,6
0.3193882,0.18850572,0.20361415,0.2291555,6
0.26065475,0.37722242,0.20620646,0.12174248,6
0.11377724,0.50091594,0.06336867,0.28490755,6
0.2993659,0.28558284,0.24447848,0.15286013,6
0.13431036,0.503484,0.05276771,0.26612982,6
0.31337705,0.30851576,0.14709964,0.1579284,6
0.21139286,0.35541597,0.22345796,0.14478195,6
0.22130144,0.32263604,0.262495,0.21536686,6
0.28478113,0.30310905,0.24719805,0.17451343,6
0.32345316,0.26233506,0.24716835,0.17259571,6
0.34473008,0.28027093,0.09401524,0.327424,6
0.1335601,0.46662322,0.32655686,0.30361584,6
0.21909545,0.36457008,0.21859711,0.18263057,6
0.10195849,0.49983773,0.05405868,0.29700413,6
0.2575997,0.4614469,0.24597172,0.1044241,6
0.22395276,0.27796057,0.26540324,0.23754428,6
0.3358049,0.27801096,0.12468774,0.2508959,6
0.175133,0.26540923,0.28717807,0.25519088,6
0.41920832,0.3316973,0.371899,0.06353514,6
0.27433082,0.32786012,0.22207274,0.17741825,6
0.6907225,0.21442159,0.32637385,0.30989334,7
0.5490923,0.16591655,0.38739845,0.46210086,7
0.36814663,0.46478128,0.38089094,0.22778584,7
0.50214714,0.29773718,0.4228468,0.3888993,7
0.48272073,0.23711663,0.44072232,0.36976516,7
0.4153959,0.40295947,0.42762092,0.207315,7
0.57458305,0.34245428,0.3925402,0.38684997,7
0.44222462,0.44056287,0.42410013,0.24130325,7
0.52788645,0.24718834,0.40854338,0.4183556,7
0.50595224,0.29532024,0.45146167,0.36906022,7
0.4729933,0.2518451,0.4198996,0.35202342,7
0.5834939,0.26997533,0.40037978,0.42228052,7
0.49623072,0.32011816,0.43279752,0.3514656,7
0.53599626,0.22235306,0.41572797,0.41137722,7
0.5089905,0.26071253,0.40585193,0.43672574,7
0.5028216,0.25879812,0.43156156,0.41941497,7
0.5422298,0.23999697,0.4091648,0.43641064,7
0.6287616,0.32554471,0.3948433,0.39290157,7
0.5720078,0.22793747,0.40435088,0.41409382,7
0.4115385,0.39435142,0.41228402,0.22885904,7
0.5357829,0.14018871,0.3874131,0.4558045,7
0.5836294,0.19830818,0.3690496,0.48053178,7
0.6201995,0.15453197,0.34359083,0.4536561,7
0.58655137,0.21590137,0.40669528,0.40785646,7
0.55366725,0.26144898,0.3687151,0.4349293,7
0.37935555,0.41418362,0.37768513,0.24062978,7
0.5510166,0.207077,0.41939828,0.436228,7
0.48229077,0.28898674,0.440268,0.35063192,7
0.5217212,0.31146342,0.45329115,0.39763603,7
0.5242923,0.24162368,0.42187285,0.3857998,7
0.5868274,0.24530926,0.4147607,0.37863478,7
0.53634995,0.23925963,0.40138325,0.45747143,7
0.46808305,0.29884502,0.43761018,0.32266036,7
0.5291128,0.28829104,0.4409807,0.40089935,7
0.5811843,0.2257454,0.39317927,0.41950303,7
0.41372126,0.42503867,0.42646402,0.21948518,7
0.51517427,0.26762548,0.38572106,0.4719718,7
0.42693108,0.45593795,0.38132665,0.2631719,7
0.52717674,0.27215376,0.25252134,0.2196385,7
0.4716203,0.36962125,0.44947714,0.30420896,7
0.5511335,0.31518462,0.42153433,0.35710365,7
0.47484308,0.32398745,0.41597623,0.37533098,7
0.5523514,0.21186955,0.39946744,0.40125415,7
0.50530946,0.26995417,0.40472928,0.45941985,7
0.47251433,0.29604608,0.40447214,0.4062492,7
0.581002,0.21182536,0.35564497,0.37551644,7
0.6768433,0.20473173,0.3116926,0.3605926,7
0.6339811,0.20313242,0.34604353,0.40600935,7
0.5969348,0.28214788,0.40097898,0.42025504,7
0.34188646,0.33866265,0.33237806,0.28512788,7
0.59224045,0.2396905,0.39582092,0.43173215,7
0.522886,0.3346712,0.44144285,0.42270178,7
0.6340644,0.2343099,0.37106186,0.37497598,7
0.4810913,0.2610222,0.43264806,0.38769358,7
0.6000944,0.16265824,0.361254,0.42137262,7
0.59165263,0.28855634,0.40740773,0.43062082,7
0.5206189,0.25405777,0.41950205,0.44567996,7
0.43739194,0.19974372,0.4080988,0.31453013,7
0.4671085,0.30356643,0.4522247,0.36668107,7
0.48574957,0.3018653,0.44887736,0.4112588,7
0.45273,0.24856046,0.4220569,0.35671386,7
0.57050544,0.18760647,0.39931816,0.3920779,7
0.52012086,0.25850186,0.45699382,0.3748649,7
0.49956653,0.26749888,0.42866784,0.3845727,7
0.5795631,0.2423796,0.37252682,0.36831352,7
0.44760138,0.36783418,0.45672068,0.2518912,7
0.5275855,0.25803298,0.4169699,0.4220977,7
0.53083575,0.33764273,0.42182007,0.2928601,7
0.49835828,0.3127944,0.41104278,0.40634534,7
0.5256286,0.24888921,0.42187303,0.3852597,7
0.53120875,0.24613483,0.40272257,0.42128232,7
0.53406835,0.26473817,0.39704156,0.45274842,7
0.5529165,0.27830365,0.4006161,0.3869724,7
0.51852685,0.2739043,0.42701864,0.43151885,7
0.5228548,0.29600832,0.44410416,0.37522867,7
0.533627,0.27633244,0.4411023,0.4116977,7
0.46949926,0.3997638,0.40660942,0.31383094,7
0.5457122,0.32161584,0.3859571,0.39824805,7
0.4419212,0.38683873,0.45383644,0.27612126,7
0.5114932,0.25003576,0.40855166,0.45305023,7
0.52444214,0.2245693,0.43431914,0.36107996,7
0.51960015,0.297202,0.45037657,0.3611141,7
0.5575999,0.3151715,0.42975855,0.4063059,7
0.558062,0.25169584,0.40852126,0.42363343,7
0.39809415,0.44229776,0.38516957,0.15918395,7
0.52001506,0.30875093,0.4474941,0.3738172,7
0.46383208,0.33490947,0.44108585,0.2875752,7
0.43023384,0.36509615,0.39247364,0.26054782,7
0.5186636,0.35374776,0.43285015,0.36452076,7
0.5024726,0.29511556,0.42182547,0.4191231,7
0.4568481,0.32732606,0.3875189,0.27393392,7
0.46536404,0.35897642,0.4197067,0.27585617,7
0.51988643,0.32267153,0.46966794,0.34868592,7
0.5425984,0.24921282,0.41113296,0.36141047,7
0.46666753,0.3134624,0.43903768,0.35084993,7
0.5133429,0.2937996,0.44631624,0.3830681,7
0.5514744,0.2396544,0.41355443,0.4005002,7
0.52392215,0.26111272,0.434468,0.40931103,7
0.44769117,0.34342933,0.41192082,0.32147095,7
0.58828926,0.23180555,0.39327568,0.45096987,7
0.5199933,0.30420086,0.42468277,0.41159743,7
0.48799032,0.2472589,0.46231025,0.29389513,7
0.35922447,0.39651558,0.37777594,0.1913485,7
0.6464981,0.21031958,0.38103208,0.35435253,7
0.55193883,0.3023848,0.44002575,0.3905691,7
0.5924152,0.2764586,0.38614014,0.40428367,7
0.5211099,0.30618644,0.421534,0.3842245,7
0.5693071,0.32278192,0.41560662,0.39825296,7
0.63643974,0.27819204,0.38799548,0.41414717,7
0.5138043,0.30573678,0.41198197,0.37195325,7
0.67828095,0.35073394,0.35463518,0.39384076,7
0.61222965,0.16250353,0.37792775,0.3914689,7
0.5823592,0.34779438,0.4312412,0.38207483,7
0.55264807,0.19861802,0.39005086,0.4814484,7
0.64115626,0.2522512,0.37475914,0.36361673,7
0.53521186,0.25692698,0.4334525,0.3862843,7
0.48432478,0.20256554,0.41123542,0.39130196,7
0.5750159,0.26048902,0.4018993,0.38555893,7
0.44138715,0.37702084,0.42931303,0.2860991,7
0.46379063,0.40642932,0.44045904,0.3031936,7
0.49113908,0.34522957,0.435604,0.3385454,7
0.5969348,0.28214788,0.40097898,0.42025504,7
0.534643,0.2569976,0.42721158,0.40204108,7
0.54706347,0.285188,0.42582947,0.4021414,7
0.51174253,0.3475617,0.41920426,0.3041876,7
0.47090062,0.3123068,0.42568332,0.4056679,7
0.46774292,0.3908719,0.4535135,0.29032704,7
0.3934984,0.39235827,0.37848032,0.25648445,7
0.5465813,0.25524363,0.4146934,0.37602738,7
0.5564597,0.2688994,0.408503,0.38405064,7
0.54209393,0.26340252,0.43522146,0.34527916,7
0.5034088,0.34176797,0.41156757,0.33910573,7
0.46667337,0.35087967,0.4484067,0.36097848,7
0.43387756,0.38365522,0.41279966,0.21291634,7
0.43199465,0.32310855,0.37437034,0.24446341,7
0.5556728,0.2539695,0.383334,0.421322,7
0.5016383,0.29471877,0.46043116,0.35307693,7
0.4893012,0.32838848,0.41402912,0.34171334,7
0.5580976,0.20008855,0.35774508,0.4170971,7
0.5639839,0.26623043,0.4207533,0.3883748,7
0.42548984,0.4241606,0.3982702,0.25133702,7
0.4188655,0.3084098,0.44549128,0.27861547,7
0.53408766,0.26117668,0.425291,0.39691114,7
0.47367972,0.28607893,0.44179225,0.43516967,7
0.5580955,0.32527018,0.42515752,0.39573655,7
0.48923117,0.36912388,0.39944503,0.31343156,7
0.4255974,0.34540457,0.4303008,0.33214766,7
0.6030014,0.23420155,0.36294857,0.3921213,7
0.5128675,0.22366361,0.40233922,0.47398472,7
0.463732,0.06259227,0.31033674,0.41970256,7
0.51392055,0.23712876,0.44447088,0.3864146,7
0.5429469,0.23518516,0.43495813,0.37524536,7
0.526333,0.33463925,0.4425068,0.39776155,7
0.5093586,0.2044106,0.41671255,0.37451005,7
0.50646746,0.2671866,0.45001468,0.40593427,7
0.56593657,0.31543165,0.4034424,0.3723494,7
0.5593439,0.29296693,0.41420582,0.41533646,7
0.4668008,0.38321295,0.419591,0.29430178,7
0.3873827,0.46664903,0.3907593,0.22759482,7
0.50414103,0.3182357,0.42266735,0.32503736,7
0.5509202,0.34228727,0.4011216,0.42265877,7
0.5231861,0.28084064,0.42652828,0.4234336,7
0.45498356,0.3011125,0.43500146,0.30585572,7
0.577875,0.2573228,0.3963745,0.4431189,7
0.51226145,0.27915782,0.44711995,0.3704866,7
0.45635438,0.3063499,0.41702348,0.37206662,7
0.53285205,0.2586867,0.4280771,0.38897103,7
0.5719294,0.24824584,0.4008341,0.39792532,7
0.53616256,0.25293797,0.37167564,0.4218947,7
0.46545598,0.24920817,0.42313898,0.3407499,7
0.5000761,0.3132444,0.44058093,0.2931251,7
0.5870751,0.20247927,0.38083127,0.4229663,7
0.47009626,0.30287036,0.45140702,0.32263002,7
0.47871637,0.27039948,0.45974067,0.35024962,7
0.5147637,0.32098317,0.43745837,0.38203493,7
0.5083768,0.34788448,0.43123943,0.3711122,7
0.374796,0.36787236,0.37598935,0.22587308,7
0.43520212,0.35528123,0.40174997,0.27169737,7
0.3422269,0.41981524,0.33468315,0.25586358,7
0.5233453,0.26314238,0.43533176,0.38283938,7
0.3871069,0.458925,0.35000142,0.1908164,7
0.558187,0.19157848,0.37450826,0.48152044,7
0.5847998,0.29736158,0.39867395,0.4468296,7
0.46960768,0.3042965,0.41371024,0.38975945,7
0.5122499,0.2934241,0.42266676,0.38845152,7
0.46718636,0.3803625,0.4528948,0.35700083,7
0.53155226,0.29899257,0.4316327,0.37378085,7
0.53930247,0.34464136,0.43700498,0.38094828,7
0.5387524,0.20213312,0.38376123,0.43792224,7
0.60358775,0.23339327,0.39665893,0.35297006,7
0.6077346,0.23907904,0.3999154,0.40836218,7
0.58713865,0.23262297,0.4173281,0.42281672,7
0.540075,0.28962418,0.4191245,0.4258479,7
0.5619732,0.3079505,0.4316732,0.385286,7
0.60437447,0.2933501,0.39872524,0.3879584,7
0.48049554,0.29371715,0.4006978,0.35051104,7
0.5730464,0.24347176,0.35352752,0.47354728,7
0.54198945,0.32989985,0.4244435,0.3870953,7
0.35205922,0.42593402,0.3675755,0.21657749,7
0.5565969,0.17457566,0.3399753,0.466566,7
0.0975584,0.3675328,0.11119254,0.35962182,8
0.10331048,0.34317252,0.11243685,0.37587398,8
0.0376636,0.35554418,0.07006715,0.33300102,8
0.23093995,0.2418908,0.09692615,0.28879148,8
0.01465531,0.44311002,0.11871046,0.4012178,8
0.10285106,0.35500368,0.09077098,0.3626517,8
0.15933529,0.3693908,0.04458973,0.3237303,8
0.10628863,0.37466085,0.08588821,0.3840781,8
0.07106009,0.35812762,0.07858913,0.36865544,8
0.29452765,0.23415834,0.11564351,0.28672302,8
0.06714425,0.3971814,0.12964556,0.39785463,8
0.20488603,0.3192868,0.12834626,0.30084893,8
0.2651072,0.30763748,0.10602364,0.3462898,8
0.14990543,0.40405828,0.22108963,0.2091391,8
0.10760897,0.37711152,0.11097812,0.41451344,8
0.09167536,0.34389135,0.10188252,0.34235936,8
0.18269064,0.33003905,0.14884263,0.23549534,8
0.081832,0.39825565,0.10074751,0.3733719,8
0.1348873,0.31812224,0.17384122,0.29544613,8
0.06151749,0.3395519,0.12856536,0.35525584,8
0.02486848,0.36808482,0.10730845,0.35603833,8
0.12421154,0.3191125,0.12595119,0.30441886,8
0.11852973,0.36109528,0.08191897,0.38809967,8
0.11687908,0.3134406,0.08518628,0.37017736,8
0.3132822,0.28242397,0.1137867,0.31721142,8
0.23638318,0.16838531,0.09089446,0.24183583,8
0.02256783,0.29868293,0.11419823,0.334226,8
0.10876622,0.38765422,0.10282063,0.3640824,8
0.11082869,0.39435282,0.09554903,0.39779982,8
0.12851763,0.31858203,0.06603945,0.37040544,8
0.13751858,0.3547785,0.08136173,0.38762245,8
0.07993003,0.36791807,0.10117375,0.41746777,8
0.20662512,0.34066686,0.15297715,0.30108237,8
0.11555442,0.33725503,0.10716924,0.34260064,8
0.04284753,0.38916194,0.10335167,0.38790065,8
0.1268336,0.34929466,0.11575578,0.32649022,8
0.07890516,0.38930237,0.08994168,0.41562435,8
0.07887934,0.32470965,0.09040818,0.3018513,8
0.11098682,0.32096866,0.09124177,0.35177726,8
0.44397,0.10448584,0.08997207,0.14606103,8
0.10029001,0.33122396,0.07111546,0.3822623,8
0.10027551,0.37578616,0.09303226,0.38706595,8
0.21271396,0.39876932,0.23178627,0.34622487,8
0.1926969,0.21478558,0.11530269,0.2432365,8
0.15582627,0.33447424,0.1353224,0.35648373,8
0.09007635,0.3869444,0.10667307,0.37055933,8
0.18525872,0.24986304,0.18627276,0.27706704,8
0.07935722,0.35125282,0.08855422,0.38682958,8
0.05092391,0.3454666,0.11807761,0.3380683,8
0.15396792,0.34386837,0.10945739,0.3513774,8
0.10753787,0.334977,0.08805032,0.3301975,8
0.05718366,0.36331692,0.07565343,0.3532543,8
0.15758412,0.3210058,0.14209165,0.28524905,8
0.02623397,0.36122113,0.09184948,0.3693275,8
0.08674841,0.3747698,0.12107252,0.35126907,8
0.11921723,0.3642742,0.10761535,0.3670238,8
0.13066337,0.32008818,0.10378794,0.3854144,8
0.06234205,0.3558212,0.10666809,0.3417537,8
0.22066578,0.34039912,0.06242066,0.35815874,8
0.05245258,0.39340052,0.08521026,0.39060187,8
0.12788723,0.29684994,0.06680887,0.37313363,8
0.07323426,0.34954357,0.07728104,0.374881,8
0.15349472,0.24947794,0.16894326,0.2285692,8
0.07834656,0.322925,0.09309561,0.39510128,8
0.04190594,0.3853152,0.08407009,0.39312702,8
0.1653486,0.28996906,0.17424935,0.23747562,8
0.03625715,0.42018914,0.11378551,0.37724668,8
0.50403106,0.15156622,0.07072576,0.23514408,8
0.06309197,0.41367376,0.08510006,0.39743948,8
0.2663157,0.3281914,0.16626397,0.20492151,8
0.09318399,0.35369605,0.1257291,0.32150817,8
0.15747447,0.29573125,0.08077479,0.32289228,8
0.16283876,0.2043644,0.11468443,0.27523968,8
0.02058373,0.35256365,0.07775182,0.3712298,8
0.11382297,0.38750616,0.11848145,0.34403294,8
0.15621695,0.3207207,0.14130273,0.2874442,8
0.14398716,0.29318786,0.10633085,0.32190052,8
0.11251866,0.2678498,0.17031378,0.26035032,8
0.04581132,0.426074,0.08031578,0.41974694,8
0.11741833,0.38106835,0.11386079,0.38622633,8
0.28254232,0.24664892,0.138685,0.24002784,8
0.05304396,0.3747286,0.09770037,0.3908489,8
0.04378308,0.41742533,0.07268025,0.39644885,8
0.01922735,0.36034647,0.13740963,0.32528365,8
0.1285275,0.36408925,0.17387782,0.33034167,8
0.01406085,0.39882234,0.08915673,0.4091098,8
0.02112438,0.3320539,0.07986528,0.33990973,8
0.14728993,0.25615764,0.1195876,0.28522718,8
0.10940589,0.34501216,0.09141079,0.38349968,8
0.20645003,0.30518916,0.11886816,0.32194102,8
0.29631022,0.31718472,0.10302183,0.3065731,8
0.14459948,0.312669,0.11784052,0.26763013,8
0.21527053,0.25444502,0.10581318,0.29500175,8
0.08269061,0.39173427,0.1056757,0.34829956,8
0.14737982,0.34896633,0.07677277,0.3791035,8
0.12079134,0.2908358,0.18196467,0.2520754,8
0.6119123,0.11612298,0.0905626,0.1038857,8
0.06486774,0.33784637,0.04686031,0.30822018,8
0.15133321,0.25998673,0.1910284,0.21353635,8
0.09228305,0.32364583,0.06155761,0.32988265,8
0.08967381,0.39079794,0.07827567,0.39766678,8
0.08522817,0.36000952,0.08899252,0.33568156,8
0.18597032,0.30803156,0.21469972,0.21726952,8
0.04776764,0.2929906,0.08347848,0.30470958,8
0.03343592,0.33739135,0.11793906,0.34178156,8
0.21158691,0.31009564,0.0616098,0.32427838,8
0.04074648,0.33914948,0.08550813,0.33488944,8
0.0669566,0.35221806,0.1089465,0.3563821,8
0.13273624,0.3083259,0.09774353,0.32990623,8
0.06011961,0.37091044,0.09559727,0.38521796,8
0.20813611,0.27674794,0.17474887,0.28948924,8
0.15134124,0.35940367,0.12325668,0.33000207,8
0.08250514,0.29572093,0.15039268,0.31790456,8
0.02428031,0.3549384,0.07879541,0.3563791,8
0.07899259,0.42859772,0.0940522,0.42659315,8
0.19823007,0.24452299,0.19235352,0.23989354,8
0.14591445,0.35207728,0.14886025,0.3408848,8
0.2674103,0.2797404,0.17367435,0.27444193,8
0.06980383,0.37870786,0.12231756,0.38624004,8
0.23295408,0.32471412,0.13670747,0.2907597,8
0.10822137,0.3312895,0.11530641,0.4012054,8
0.15778129,0.2747666,0.13437381,0.27194995,8
0.17827015,0.34832478,0.1650501,0.2665789,8
0.13129169,0.28348067,0.2283959,0.22760637,8
0.16237807,0.3826201,0.21149637,0.21160237,8
0.27948803,0.35882446,0.2376219,0.23964578,8
0.10181303,0.31992626,0.09334206,0.33802855,8
0.30481732,0.26021734,0.08190162,0.29235056,8
0.03335347,0.390474,0.09251487,0.38215157,8
0.2598002,0.17940423,0.06529338,0.38997555,8
0.05530939,0.3690872,0.10329326,0.38919634,8
0.14448261,0.35050067,0.10030419,0.33294877,8
0.12571083,0.28824002,0.09593107,0.2746896,8
0.10655325,0.3807922,0.13453439,0.29742083,8
0.24255534,0.2722704,0.16649932,0.23357145,8
0.1202395,0.3753218,0.12309588,0.34101546,8
0.4815134,0.10401595,0.10226369,0.05765991,8
0.08907894,0.40971082,0.11316492,0.3481746,8
0.09263161,0.26691514,0.0827737,0.32227156,8
0.25311047,0.33497116,0.18914653,0.36311063,8
0.03631904,0.352836,0.09935545,0.3603645,8
0.4062144,0.16297844,0.10318097,0.14742333,8
0.22093771,0.32580727,0.13996883,0.32704416,8
0.07047176,0.32987615,0.09293059,0.35587177,8
0.15064025,0.3559571,0.09725391,0.40568566,8
0.11843586,0.4152463,0.06612484,0.3581104,8
0.1143928,0.3522122,0.10879463,0.37414587,8
0.0181932,0.3936313,0.09228892,0.36268023,8
0.12800252,0.2697165,0.09177741,0.28532702,8
0.11732194,0.35645288,0.16931646,0.23913541,8
0.24475679,0.36680725,0.08614594,0.34778664,8
0.17327344,0.30030757,0.07919033,0.41087863,8
0.1023774,0.276209,0.0987652,0.32019743,8
0.15353478,0.2575893,0.16327658,0.25794712,8
0.0852757,0.39889416,0.08697266,0.36776435,8
0.27946353,0.3457612,0.12404073,0.33068052,8
0.21054032,0.27326196,0.12070151,0.2930881,8
0.37681192,0.34034613,0.09730566,0.30856478,8
0.33893332,0.28129897,0.08787096,0.28187558,8
0.12782349,0.38089687,0.08219952,0.38832664,8
0.11820119,0.37451294,0.12664649,0.33501837,8
0.28604257,0.2542231,0.16217478,0.2264032,8
0.16806383,0.27011028,0.24816006,0.20059268,8
0.1370665,0.29338896,0.09772619,0.3749171,8
0.08040236,0.30845404,0.12497918,0.29390883,8
0.0090002,0.36189368,0.14837898,0.3602101,8
0.03186551,0.3844675,0.09499154,0.39734098,8
0.05718021,0.40375474,0.11114802,0.38057855,8
0.17938048,0.21478678,0.12974639,0.26007918,8
0.1227401,0.3075322,0.09284611,0.34425458,8
0.0463004,0.35326385,0.12334987,0.36099836,8
0.2056524,0.33119428,0.11985098,0.3178318,8
0.06442284,0.35469452,0.11128361,0.35612676,8
0.15336108,0.31289357,0.08087585,0.3671556,8
0.07700955,0.36567143,0.20204905,0.29241636,8
0.04283814,0.40699354,0.08776551,0.43812907,8
0.14777404,0.33810148,0.13067597,0.30959466,8
0.07939609,0.39028344,0.13257994,0.32924512,8
0.08270523,0.36300433,0.11028417,0.37191945,8
0.25147757,0.33847743,0.04928674,0.37790558,8
0.1264418,0.3277714,0.09131775,0.38080195,8
0.06874024,0.33383814,0.11162926,0.3396536,8
0.12929936,0.35953394,0.13354844,0.3655717,8
0.13230956,0.30988434,0.13046363,0.30908304,8
0.20635475,0.31639564,0.14822021,0.294396,8
0.09446541,0.34824726,0.09291249,0.38932943,8
0.08973054,0.32640702,0.091093,0.34610146,8
0.12258983,0.3981661,0.09154139,0.4010536,8
0.09093806,0.32776415,0.09979264,0.32086772,8
0.02983551,0.37601346,0.10250564,0.40467107,8
0.04628193,0.387681,0.07552987,0.38386768,8
0.13178965,0.354164,0.08036595,0.38796043,8
0.0901892,0.3631554,0.09195416,0.3697695,8
0.21966153,0.23671353,0.10269342,0.26927283,8
0.11739267,0.3774315,0.08552389,0.36260393,8
0.04435463,0.4337198,0.10168904,0.40046176,8
0.09984489,0.3734611,0.12149846,0.3413134,8
0.12725803,0.35158682,0.11127068,0.34607375,8
0.16632368,0.39342332,0.09809674,0.41150016,8
0.02720276,0.36767706,0.11608971,0.3923271,8
0.27384377,0.38869822,0.21839952,0.09575031,9
0.24531682,0.34039557,0.2574367,0.15796873,9
0.24212731,0.43926466,0.1607514,0.18840647,9
0.25881416,0.37563407,0.2858936,0.19876854,9
0.24296784,0.2044093,0.15895218,0.15684077,9
0.39015284,0.27963635,0.19793715,0.15489466,9
0.35762343,0.2589955,0.09740557,0.2945921,9
0.27555883,0.4214919,0.25699058,0.17096053,9
0.27646303,0.4298822,0.27001563,0.15182354,9
0.23801944,0.37052166,0.2820118,0.24154815,9
0.29712433,0.37999117,0.2665749,0.11514801,9
0.2799565,0.39284304,0.28066802,0.21300097,9
0.05032147,0.52315384,0.3086673,0.32586268,9
0.25709707,0.44232365,0.25777933,0.19191942,9
0.27785352,0.46896172,0.25110185,0.14946936,9
0.20234637,0.45536247,0.28932616,0.25010392,9
0.23743117,0.48447385,0.16991918,0.2221679,9
0.28282988,0.31308788,0.24406488,0.16682194,9
0.286939,0.411287,0.2730752,0.20532046,9
0.34638014,0.45574313,0.2981986,0.12715265,9
0.282432,0.2515694,0.17635363,0.25830007,9
0.12911694,0.49936995,0.3008948,0.2520094,9
0.33952686,0.3703728,0.09406397,0.19454817,9
0.3030681,0.36010987,0.17892216,0.11128432,9
0.2667728,0.31415957,0.1075099,0.3049836,9
0.14268157,0.5449004,0.02459325,0.30616644,9
0.45189604,0.34143403,0.38105118,0.09682375,9
0.35899115,0.42203802,0.29510036,0.08259889,9
0.14866532,0.40742895,0.32888806,0.2960739,9
0.34004185,0.36195588,0.15907897,0.15712243,9
0.38519707,0.3676803,0.33749858,0.08274497,9
0.23959889,0.34600887,0.27214813,0.21762832,9
0.15731813,0.5076873,0.06531164,0.30645818,9
0.31213275,0.3311738,0.19033249,0.15532328,9
0.2573869,0.38361502,0.24977186,0.20937276,9
0.24384671,0.34070724,0.25336894,0.2130445,9
0.02949463,0.53690124,0.1786814,0.23191813,9
0.33571616,0.3192474,0.19200167,0.14315131,9
0.15702523,0.4613651,0.04233099,0.29178846,9
0.15485604,0.35143086,0.26304638,0.22896907,9
0.1334124,0.41947246,0.33338886,0.2722423,9
0.31493235,0.33021665,0.177548,0.1279443,9
0.30280915,0.2530055,0.20928472,0.21361877,9
0.21292749,0.46267775,0.22105324,0.191014,9
0.31501618,0.29475713,0.1567831,0.20561568,9
0.31057984,0.32445866,0.10888253,0.23942429,9
0.15307008,0.57852846,0.19089289,0.3399633,9
0.3038051,0.3680733,0.2822017,0.12385373,9
0.18984878,0.52709013,0.32853284,0.22719385,9
0.2908131,0.37435594,0.2005376,0.16892393,9
0.2550626,0.35041422,0.2633523,0.16670889,9
0.2279131,0.41010013,0.27856302,0.22098462,9
0.2189348,0.46240607,0.33752534,0.1918988,9
0.2573576,0.31930697,0.263685,0.22406176,9
0.2417335,0.39406106,0.27137172,0.15808533,9
0.33644122,0.295507,0.22118527,0.162473,9
0.1806302,0.36723807,0.2698672,0.2489884,9
0.28262487,0.29966378,0.11088703,0.30358127,9
0.16963191,0.43131733,0.29231802,0.2275606,9
0.25917533,0.48091665,0.29732016,0.2159428,9
0.267117,0.37973803,0.2269666,0.17392409,9
0.32683364,0.30043373,0.12129555,0.21502414,9
0.14884534,0.54544866,0.13645704,0.24508002,9
0.30711937,0.29657334,0.29151413,0.1728898,9
0.32683426,0.40466765,0.18437137,0.16622925,9
0.3151165,0.30186647,0.119569,0.13825089,9
0.2390744,0.35023895,0.07376909,0.32949752,9
0.26936078,0.4436278,0.31374884,0.22135684,9
0.22356118,0.39082956,0.25392362,0.17256446,9
0.26800665,0.38495874,0.27056348,0.12553412,9
0.2958436,0.39179918,0.16404736,0.13393717,9
0.25977862,0.31955123,0.2372134,0.1859195,9
0.21025978,0.42604333,0.2648068,0.25995344,9
0.27921417,0.29300755,0.29740766,0.18316546,9
0.28084815,0.32936135,0.2738708,0.16374895,9
0.27670118,0.3732285,0.24812621,0.14420368,9
0.30892724,0.4167458,0.29456934,0.10498154,9
0.29310665,0.33574918,0.17590883,0.19553849,9
0.27124003,0.36093944,0.29083347,0.16956963,9
0.2611063,0.33500946,0.25003803,0.15593298,9
0.17395423,0.5482122,0.12000596,0.34299642,9
0.22424456,0.41237718,0.29181743,0.21868323,9
0.2956357,0.31016374,0.04082312,0.3094371,9
0.29858947,0.37261292,0.1899297,0.20459525,9
0.44925776,0.3486244,0.243787,0.16829012,9
0.19832604,0.41181052,0.28184,0.27343035,9
0.16472413,0.50722164,0.3143473,0.22911797,9
0.22415915,0.37139654,0.26670605,0.18972282,9
0.33332834,0.30193052,0.24006326,0.12868208,9
0.23874281,0.3683962,0.22070715,0.17253907,9
0.26581883,0.37456268,0.28292295,0.18040925,9
0.24654347,0.32369912,0.28306216,0.21011968,9
0.14903681,0.46721315,0.32206708,0.27576947,9
0.14409275,0.4489221,0.30883923,0.23840937,9
0.23860756,0.34995246,0.27299196,0.16757785,9
0.18352532,0.47059855,0.29896924,0.27362922,9
0.18652119,0.4485953,0.11331767,0.2430054,9
0.19217288,0.41204163,0.3036466,0.21935713,9
0.24730805,0.375447,0.2906165,0.2119373,9
0.17121318,0.5223718,0.2904279,0.2536883,9
0.14682578,0.4255139,0.15726683,0.20963016,9
0.23398589,0.41677016,0.27619678,0.2216668,9
0.2706919,0.3113513,0.24231221,0.17794922,9
0.32878864,0.31632107,0.23002902,0.08520408,9
0.24541275,0.4647402,0.29993558,0.19227085,9
0.31032547,0.3337063,0.18727058,0.17082633,9
0.27944684,0.3539825,0.22984746,0.17785263,9
0.20287514,0.42628208,0.27777538,0.28014153,9
0.3006354,0.2443634,0.18830206,0.16909596,9
0.28284943,0.3935022,0.24991144,0.13216327,9
0.30587038,0.3311139,0.19738515,0.16955934,9
0.17753252,0.4174207,0.30042255,0.29841107,9
0.4113063,0.404502,0.26862872,0.18172576,9
0.20077136,0.4570595,0.29121056,0.29511955,9
0.24898693,0.46741745,0.1718122,0.21530037,9
0.43286434,0.31583,0.27931264,0.17914563,9
0.25782496,0.3538088,0.26433703,0.21134762,9
0.2860447,0.28116855,0.15957958,0.22865424,9
0.21526162,0.47923586,0.2906826,0.3177075,9
0.34496918,0.3571511,0.2747698,0.20752998,9
0.17548303,0.4699403,0.31271473,0.23051342,9
0.21113662,0.38658443,0.2787344,0.22404537,9
0.22436115,0.45843053,0.29590654,0.14401394,9
0.22547416,0.32895207,0.2505605,0.19900616,9
0.2934894,0.44477144,0.28391775,0.12654299,9
0.173754,0.5104597,0.15202297,0.19422168,9
0.16726993,0.53098875,0.28080356,0.23720427,9
0.17340112,0.46716824,0.3003049,0.2325839,9
0.15752526,0.42745647,0.2894392,0.31395617,9
0.35393798,0.40132967,0.29769397,0.09746843,9
0.32618546,0.3412149,0.20713402,0.07599767,9
0.11234351,0.41656032,0.2226758,0.25051704,9
0.29382643,0.402531,0.2562738,0.13641638,9
0.26311907,0.4346481,0.27949873,0.18403964,9
0.30563483,0.30850005,0.20132166,0.18239886,9
0.32878932,0.29424855,0.14697763,0.1926304,9
0.2280233,0.50078756,0.28926778,0.28092036,9
0.23342013,0.511264,0.22866105,0.15879375,9
0.25370052,0.37955883,0.2848552,0.16025846,9
0.18382944,0.42259872,0.31672072,0.26198697,9
0.27631256,0.35114017,0.16990028,0.1911078,9
0.32825595,0.44030124,0.07404439,0.28142235,9
0.15555093,0.44327053,0.28486967,0.23282018,9
0.27690208,0.5138559,0.25254166,0.11045768,9
0.2405754,0.34191337,0.2854514,0.22027127,9
0.3925354,0.47259146,0.31893075,0.27383164,9
0.19526307,0.37043935,0.29840162,0.26441273,9
0.26191863,0.31207824,0.1707447,0.20742464,9
0.33195847,0.26564097,0.22029974,0.1383593,9
0.2450652,0.24025919,0.24262473,0.22100484,9
0.3269963,0.30867076,0.20618238,0.10816501,9
0.25952774,0.55120826,0.2637219,0.21379969,9
0.24594261,0.5712651,0.2307908,0.25578064,9
0.27715445,0.30502078,0.12804341,0.26166773,9
0.70179677,0.17973477,0.22454809,0.31932634,9
0.1335583,0.4300772,0.31358102,0.3119093,9
0.3165211,0.37938437,0.18563122,0.08665654,9
0.2546123,0.30483568,0.24722104,0.18561096,9
0.20836288,0.40220466,0.28046766,0.1963953,9
0.11354455,0.54524595,0.34418628,0.26661938,9
0.28022546,0.26081732,0.24635296,0.20468724,9
0.31191963,0.38330406,0.13781872,0.21535124,9
0.16482978,0.4950679,0.30441675,0.24828336,9
0.33714065,0.23850664,0.2373228,0.1759058,9
0.30046538,0.37812766,0.3005476,0.13521583,9
0.29234466,0.2954748,0.28811535,0.1729044,9
0.28430876,0.34946874,0.16323084,0.16433536,9
0.21697065,0.4821824,0.32168552,0.21741948,9
0.29016355,0.32447943,0.22797877,0.20005757,9
0.19768259,0.3467533,0.27820107,0.23401158,9
0.32748708,0.35303947,0.16587687,0.12019551,9
0.2940802,0.22239602,0.2297548,0.16305988,9
0.25411502,0.40789387,0.26843038,0.16681169,9
0.3372633,0.3126581,0.21256012,0.06544663,9
0.33398378,0.2896441,0.22725794,0.14753471,9
0.2899038,0.42706254,0.27572396,0.14526732,9
0.18818685,0.52650964,0.28281507,0.2694252,9
0.30202636,0.24847253,0.12254457,0.2003125,9
0.26188636,0.4094107,0.2801428,0.21583422,9
0.34121674,0.29858863,0.1684259,0.17212553,9
0.17771177,0.48330763,0.34437132,0.23602308,9
0.20692468,0.43287888,0.33984506,0.23310316,9
0.1099554,0.46707195,0.2838408,0.326171,9
0.25717232,0.4636178,0.28978467,0.23493367,9
0.36331195,0.3528295,0.3086765,0.10009522,9
0.20842803,0.38916466,0.2929342,0.2012321,9
0.27451977,0.3965615,0.29905796,0.13919248,9
0.18093836,0.48475733,0.10775202,0.29961702,9
0.26660728,0.4704877,0.14499015,0.23933782,9
0.27008033,0.34866026,0.2810986,0.16713515,9
0.19402385,0.47803023,0.19533639,0.21048576,9
0.33444455,0.36311448,0.0946244,0.21692461,9
0.01837619,0.53984976,0.12172193,0.28103876,9
0.20090584,0.4948464,0.32581118,0.20087051,9
0.1955766,0.49506295,0.31360492,0.26798472,9
0.22152485,0.45257375,0.12619048,0.2473453,9
0.3474392,0.3715489,0.3456907,0.06830318,9
0.318426,0.3334548,0.25074017,0.14157604,9
0.1712024,0.41740873,0.28521994,0.23032165,9
0.14903681,0.46721315,0.32206708,0.27576947,9
